filename,split,youtube_id,duration,skip_time,label
real_35122,train,Uc4B68eStyY,217.836,4.48596875,real
real_05718,train,KBVskvS7-vo,240.084,6.494093750000001,real
real_21456,train,BzOT12iGV4Y,240.084,49.91346875,real
real_49277,train,oBeQvt3G7Hw,141.768,16.34909375,real
real_14291,train,oh1m61YoBa0,240.084,43.24784375,real
real_19577,train,Z5De1oUzkYI,191.556,49.086593750000006,real
real_49017,train,5g_S9Vzp9Hs,207.972,0.03096875,real
real_21476,train,6Aw1WnNVcYw,240.084,46.04909375,real
real_15008,train,j8vjZBn-Luo,219.06,19.03221875,real
real_40745,train,rcbe1UfYvLM,199.584,7.87784375,real
real_37851,train,jGzF3JJgDxw,240.084,69.84284375,real
real_46354,train,SF5EPhiAlCg,240.084,19.06596875,real
real_00312,train,ufynqs_COF4,240.084,12.04596875,real
real_25503,train,UrY5oya9O-g,166.248,0.03096875,real
real_39494,train,tGdeNsDb2tU,202.608,17.53034375,real
real_14014,train,YHWvHp5m43E,159.3,9.39659375,real
real_36449,train,9XNWerqH9lg,210.096,1.80284375,real
real_48379,train,RQvs6dAmlYM,240.084,26.136593750000003,real
real_09206,train,mXM-tweYYLs,165.348,10.52721875,real
real_04395,train,WR7U7_cKJw4,240.084,55.48221875,real
real_07487,train,-G_uPYB97GE,224.676,39.45096875,real
real_06395,train,KfZ62w477U8,240.084,4.68846875,real
real_48150,train,3urdpv1bC4w,196.236,1.83659375,real
real_23669,train,XsYrGKn14jI,228.132,3.25409375,real
real_34538,train,NvMgWRtKvEA,200.196,0.03096875,real
real_49296,train,lsFMXK1YPG8,238.752,0.03096875,real
real_20673,train,dULHpzPg3ro,201.096,7.35471875,real
real_08460,train,zJ_AwTeBB1o,240.084,56.52846875,real
real_09766,train,5rIH5Akx6zI,234.432,7.574093750000001,real
real_15224,train,WJj8PTi_Fm8,224.784,37.22346875,real
real_04663,train,p7lHdbL--Ls,240.084,7.48971875,real
real_49187,train,X7_cMkFfXMQ,193.5,13.750343750000004,real
real_40064,train,exqCFoPiwpk,240.084,24.48284375,real
real_05133,train,dxytyRy-O1k,233.496,56.460968750000006,real
real_21199,train,ER9HTQMlasw,187.596,6.814718750000001,real
real_06319,train,NhTulKznx_Y,206.1,14.99909375,real
real_49149,train,bwhnTRcSlo8,212.832,113.97096875,real
real_34384,train,0La8Cusqo1w,240.084,0.03096875,real
real_40382,train,YTDlRIoYAzU,236.736,25.81596875,real
real_04363,train,f9LoukLaYNU,240.084,0.03096875,real
real_42643,train,a6wQvwVOuSo,225.252,0.60471875,real
real_27690,train,o0s_xIEDnAw,181.116,0.03096875,real
real_52461,train,hIs-UYN7i2I,240.084,12.552218750000002,real
real_19281,train,fwIjQP5glVQ,167.4,0.5372187500000001,real
real_07804,train,V4PPtGEqfdU,240.084,8.856593750000002,real
real_51957,train,OFY8MalwXFU,240.084,18.812843750000003,real
real_10294,train,NnXE794B4z8,180.036,15.57284375,real
real_15411,train,AjicUeO-Pwk,200.052,0.55409375,real
real_34127,train,sdXNtUr_ea8,162.18,6.17346875,real
real_48302,train,ki44dqy1ZAk,224.1,20.44971875,real
real_06148,train,ygJZUlJ-uZI,147.888,34.20284375,real
real_28868,train,4ruZrl2u3V4,239.22,9.39659375,real
real_50953,train,1nPDEMpHCac,178.38,16.16346875,real
real_31907,train,9LPNesOJ9KQ,198.648,2.34284375,real
real_14725,train,R1NPl2ZqAYA,201.096,15.26909375,real
real_14585,train,xWpEZguQE8E,240.084,44.985968750000005,real
real_51143,train,uXd38AhjpkQ,193.68,15.31971875,real
real_37038,train,YgTcxsDbV70,171.18,5.734718750000001,real
real_32847,train,En4UJE1TDf8,240.084,8.14784375,real
real_23449,train,MyPda4siafM,228.384,49.710968750000006,real
real_11581,train,HYFqCE5YB7E,237.852,14.67846875,real
real_34228,train,w6EcjAIpLfQ,170.82,10.493468750000002,real
real_16351,train,zoB8hdOaMy8,212.688,34.84409375,real
real_25491,train,bDpgpZY-gfw,240.084,65.77596875,real
real_49929,train,f07kaRJzYSE,240.084,6.42659375,real
real_42510,train,qHg49oSyfdI,240.084,4.43534375,real
real_22524,train,-RL9FG1SScU,199.332,0.50346875,real
real_47521,train,ueJeFWgxuYw,170.712,42.85971875,real
real_33954,train,wouywGKu7I0,229.428,149.45909375000002,real
real_07921,train,S3Vo_b-wYBI,206.532,4.53659375,real
real_30075,train,bLp7OSs9Veo,160.776,0.03096875,real
real_06317,train,eURQLyfW0Ms,186.12,17.024093750000002,real
real_42922,train,fShftAI2tvc,167.004,11.539718750000002,real
real_37490,train,gvuOge1T3oU,85.14,7.77659375,real
real_39972,train,0LcZ1IMOM2M,94.572,0.26721875,real
real_18383,train,tLrPChte8pE,240.084,20.65221875,real
real_44100,train,jq3k9aoU2vU,233.532,8.50221875,real
real_45665,train,I8jWXRiRbow,240.084,13.277843750000002,real
real_18507,train,t2mNgmu4PH4,240.084,13.649093750000002,real
real_36855,train,1uHye6VNaQ4,240.084,1.09409375,real
real_52426,train,ffmPrVb3TT0,182.268,18.86346875,real
real_24369,train,jO1ZQEj0_48,240.084,7.388468750000001,real
real_50481,train,y6F-CWlp5Bw,240.084,52.259093750000005,real
real_32819,train,6ITHzK_Diis,240.084,44.024093750000006,real
real_36682,train,hDtmps9tL1k,177.048,35.43471875,real
real_34153,train,RkpcxYZ2hqg,186.084,22.03596875,real
real_17383,train,gLIhzOBSypo,186.408,2.4778437500000003,real
real_19775,train,D0YGf2-EtLI,129.744,0.03096875,real
real_02862,train,2weGS0yyJH4,180.216,56.275343750000005,real
real_35240,train,CZH1Wa9BphA,240.084,13.24409375,real
real_11226,train,trk7P-9QDyc,240.084,180.77909375,real
real_44485,train,GSqciXWdCEE,126.144,15.235343750000002,real
real_32611,train,U4FtwWamPu4,192.096,0.14909375,real
real_46492,train,hkAEKKCNX_c,189.828,0.35159375,real
real_03850,train,3aBdHLA5shE,191.016,0.23346875,real
real_07088,train,i0WaH38L_Qk,179.316,13.125968750000002,real
real_22867,train,4IpG1LAhIh8,190.044,29.359718750000003,real
real_26379,train,4dGTkWY77iA,240.084,0.19971875,real
real_05917,train,HKLxvdFtlZE,221.976,7.69221875,real
real_10531,train,vq-zaD1poAE,218.16,64.59471875,real
real_05968,train,CnjR2W_Dif0,240.084,31.35096875,real
real_23387,train,kFDu6ACKLKo,240.084,21.765968750000003,real
real_17363,train,NL2VBU604Jw,229.176,20.922218750000003,real
real_28439,train,AYRfOozYUvk,217.26,6.527843750000001,real
real_02006,train,R8YwnQMQuJI,240.084,6.64596875,real
real_49738,train,j3u4dPibts8,188.676,11.860343750000002,real
real_36727,train,GlQxfixy4rc,240.084,3.42284375,real
real_22490,train,JIss5lfwUZg,221.868,69.01596875,real
real_17070,train,Hf5u-kQLU-k,214.308,29.89971875,real
real_42396,train,om0jQO-2m2Q,235.944,1.7353437500000002,real
real_11598,train,5Oc0ja19_GU,240.084,24.63471875,real
real_40593,train,kQQRbeXxfSM,240.084,38.45534375,real
real_03782,train,I0MT8SwNa_U,240.084,1.29659375,real
real_19406,train,kA4sYPNI0q8,215.604,7.236593750000001,real
real_36971,train,97zFz-mwSzY,138.528,12.87284375,real
real_32581,train,Dz0ahUOsL08,201.636,25.52909375,real
real_16926,train,MYTf2TNyxrk,215.208,61.45596875,real
real_18671,train,GETKzTXyPfQ,240.084,4.24971875,real
real_03560,train,axySrE0Kg6k,240.084,20.82096875,real
real_39947,train,a7AlaaQ9S1I,153.108,27.33471875,real
real_07337,train,_LnGEtkrzf4,216.72,15.336593750000002,real
real_32116,train,skC7JKhT3iA,200.088,19.84221875,real
real_05730,train,XJJYZoalOr4,185.724,5.14409375,real
real_26665,train,zoHuSlm38Yw,191.124,3.37221875,real
real_34066,train,1UI1hhsam8I,213.624,4.519718750000001,real
real_46784,train,vJKoaUpQKzs,137.34,11.337218750000002,real
real_21085,train,PidyY_86teE,234.252,37.74659375,real
real_47327,train,JVr3kb7R5To,206.46,68.27346875,real
real_42123,train,MPTOZ4dNZro,240.084,2.84909375,real
real_15986,train,pgI5-HdfTwM,213.48,3.2034687500000003,real
real_21975,train,KrfueEvUpAs,181.476,0.30096875,real
real_02428,train,rPZgc1RNhaM,232.92,24.11159375,real
real_00281,train,LP0Z4-xwJuY,240.084,2.86596875,real
real_14781,train,_g7Dt_q9bYo,205.632,6.24096875,real
real_04512,train,i2D9bDbbMeY,240.084,16.38284375,real
real_01943,train,guZpp1e4slw,172.116,18.57659375,real
real_49942,train,NU-8jsl9rMs,128.376,21.765968750000003,real
real_33015,train,rd54tztSXa0,239.832,0.57096875,real
real_05152,train,VHZDdhaD0P8,191.88,0.97596875,real
real_27889,train,t0w1PB9hzzo,240.084,8.384093750000002,real
real_38619,train,xRF61UdCJUA,240.084,59.49846875,real
real_02782,train,Vk0xkd8qs9I,178.2,5.56596875,real
real_33814,train,sXdcJKFBWys,240.084,0.03096875,real
real_28494,train,6Ir1xLhghhE,171.504,0.03096875,real
real_36443,train,5qHwbHor_p8,240.084,34.18596875,real
real_31570,train,iu0s3qwFPc0,199.512,11.809718750000002,real
real_33007,train,j8RAeKaEhqE,240.084,0.03096875,real
real_09174,train,GBwdnIGRD9M,220.932,6.308468750000001,real
real_27220,train,14rPkjTk00s,190.944,73.50471875000001,real
real_47409,train,6A49P2HAyZI,240.084,3.40596875,real
real_50624,train,gd8s0DPtGgQ,238.176,46.30221875,real
real_37146,train,W6hB6sfsaGw,145.476,2.30909375,real
real_37875,train,u0c9eP3cnKo,175.5,0.8072187500000001,real
real_48550,train,l1koPDrvbM8,240.084,71.14221875,real
real_24968,train,tKE1hC9mz7Y,240.084,0.14909375,real
real_11764,train,ddFZgDPZNqI,240.084,0.60471875,real
real_42265,train,lTNtycNPuRY,129.708,0.25034375,real
real_52608,train,oc4XqKSWOSc,206.604,11.47221875,real
real_36945,train,2dbB5u6niY0,233.712,0.70596875,real
real_01887,train,LfxY1sg5_rw,204.876,5.16096875,real
real_44276,train,lvOyN43eatY,194.652,27.75659375,real
real_18652,train,vQiJrhcwfk0,240.084,2.73096875,real
real_33394,train,b1CHOxNzCuM,165.42,13.66596875,real
real_11000,train,8uGVZoqJjn4,197.388,0.87471875,real
real_23672,train,898oItg-XIU,166.176,15.94409375,real
real_28923,train,oo55vzpL85w,240.084,19.75784375,real
real_37363,train,LwW82OhXEbU,236.052,16.450343750000002,real
real_22563,train,sMHDK6YykMg,240.084,7.40534375,real
real_25316,train,dt1ELrW1WR4,223.092,16.551593750000002,real
real_47721,train,VgS3-MC3Ld4,240.084,39.90659375,real
real_17308,train,vV40UKVNSuk,236.952,22.30596875,real
real_17145,train,6glQdaQUZ1U,186.012,0.58784375,real
real_43767,train,TAxr6rQnaFw,238.212,41.52659375,real
real_04731,train,_NSuIYwBxu4,230.58,36.90284375,real
real_17617,train,O1HjpJ1BHso,115.128,14.05409375,real
real_00846,train,wLpCkuftmJM,240.084,0.14909375,real
real_00517,train,CXNv4_wQjKQ,203.508,0.92534375,real
real_29822,train,3232vvnE9NU,240.084,1.0265937500000002,real
real_39001,train,pFSZuVQR5hk,235.584,40.26096875,real
real_17315,train,bwL5AOFCqiw,210.672,1.17846875,real
real_38198,train,565bu1LBC6k,237.996,14.324093750000005,real
real_47019,train,f4p6YeFiXKA,194.724,0.16596875,real
real_33344,train,mnEeIgfAPlU,175.824,3.5578437500000004,real
real_46543,train,tPFWeMtTob0,210.348,2.22471875,real
real_23309,train,AvWdh4ARQvI,208.044,33.392843750000004,real
real_35665,train,O-RGJjedCnI,240.084,48.73221875,real
real_12277,train,KChvUW2eCVE,229.212,28.31346875,real
real_43677,train,Rn8kmgv8xjM,240.084,55.92096875,real
real_16693,train,M86rDSAsHE8,240.084,10.274093750000002,real
real_11395,train,IMvS4YYTjKo,199.044,8.19846875,real
real_16226,train,T7kf8AU4qFk,156.996,140.76846875,real
real_06627,train,AIWP7L7DJkw,225.72,18.40784375,real
real_40008,train,dNEiUoegCGQ,240.084,0.16596875,real
real_45509,train,DsaOMa_9U5k,163.764,8.83971875,real
real_01142,train,Ia3ZgnQF5ko,240.084,9.51471875,real
real_30083,train,7rrG-uONREE,240.084,42.04971875,real
real_20943,train,DW-q1d8vk4o,206.82,1.0434687500000002,real
real_00736,train,pAzFRfzwT-g,224.28,0.5372187500000001,real
real_03697,train,F_7lDuM0DAo,240.084,12.51846875,real
real_13257,train,FoDNFsQGDjE,211.968,1.11096875,real
real_23993,train,X7P5Ayk50F0,93.276,21.29346875,real
real_04646,train,zM1KK2xX4_w,240.084,26.085968750000003,real
real_11330,train,e8GJ2nTdkDU,182.052,16.028468750000002,real
real_01687,train,SliVTmeMOmI,240.084,0.03096875,real
real_14606,train,_oM-AgGUoBs,240.084,5.00909375,real
real_42308,train,7BHyicuP1Pg,221.22,0.03096875,real
real_52973,train,mRE_lieKEq4,224.712,0.03096875,real
real_04781,train,MSSxnv1_J2g,223.524,146.75909375,real
real_19474,train,RKf6K7O0Hrk,162.36,19.656593750000003,real
real_28087,train,dA1ZmHibs4w,164.736,19.55534375,real
real_42710,train,neAMkgYta9M,240.084,73.63971875,real
real_04045,train,VR6UsdJ1ozM,212.616,20.02784375,real
real_40727,train,5YKbcWQNtE0,186.66,9.78471875,real
real_01673,train,D8Ymd-OCucs,201.888,0.8915937500000001,real
real_50608,train,qhqGImDfD00,190.44,34.540343750000005,real
real_16636,train,wwhEhxNw440,240.084,45.77909375,real
real_05461,train,veOGid9KUV8,240.084,27.75659375,real
real_22650,train,2F_fg4QrBvI,240.084,14.77971875,real
real_20354,train,Cl1DCicU5l0,179.712,0.03096875,real
real_31548,train,BvEGaH7m8ZA,210.564,38.70846875,real
real_43801,train,IWOWkfqjdcg,144.612,0.58784375,real
real_43944,train,v7-hJhrjNmU,240.084,43.922843750000006,real
real_30177,train,xQavBwua78A,186.336,8.282843750000001,real
real_06239,train,d58DL9HpIsA,167.652,0.5372187500000001,real
real_41492,train,ydusE2xYEIs,157.824,0.52034375,real
real_36331,train,2HdLM5A2cAE,240.084,20.28096875,real
real_52441,train,xUl3MyoxJQA,236.88,18.50909375,real
real_23276,train,SKJAfaf-NQ8,175.32,13.227218750000002,real
real_25068,train,KzTGi5U6-sk,167.616,22.98096875,real
real_10927,train,pgS_xob1x4A,142.74,22.98096875,real
real_42527,train,D8tL4HwZhjU,240.084,33.190343750000004,real
real_43124,train,1m3NREfULeI,240.084,1.16159375,real
real_36054,train,uRTDvM1pbls,240.084,2.0559687500000003,real
real_00868,train,skHbZBsS7hM,234.36,6.021593750000001,real
real_50411,train,mxPRJPh6N3g,221.76,46.58909375,real
real_18124,train,tZ9yEiZApt0,218.088,5.70096875,real
real_01543,train,ZM_Gamwxvtc,226.152,15.235343750000002,real
real_35839,train,yNtmon8hm4M,133.056,0.03096875,real
real_03574,train,CoOp12ayIVg,240.084,19.99409375,real
real_28191,train,lUotEgzKmG8,183.384,3.675968750000001,real
real_12228,train,hjtNPyVwMps,227.196,7.523468750000001,real
real_10086,train,cRxpib4eV2E,240.084,0.58784375,real
real_20984,train,1P2YSktr7xU,234.216,22.99784375,real
real_15740,train,68mxxmYPSfA,157.464,15.184718750000002,real
real_43170,train,4Ds9WSb-ivE,228.42,0.21659375,real
real_14236,train,zLAhRiUeJ8E,237.852,22.87971875,real
real_26909,train,O_okRdw-ozU,240.084,9.39659375,real
real_14480,train,6XaBCKdl3vs,240.084,0.58784375,real
real_32832,train,zAV-XtcXCJs,240.084,27.23346875,real
real_35121,train,DcBVc0moMS4,225.792,0.03096875,real
real_51363,train,mEqzUvHXTVs,240.084,10.425968750000004,real
real_29268,train,PEY3Fp62etc,222.012,13.480343750000005,real
real_24585,train,4xK8rCBoZxU,230.4,11.13471875,real
real_30753,train,aL4FIGD3m30,189.864,20.078468750000003,real
real_48989,train,Ho-bfflqChY,240.084,1.9715937500000005,real
real_07975,train,ikGcSqnuaLU,230.112,37.88159375,real
real_33355,train,FQ5Fax_P0Wc,145.548,0.4697187500000001,real
real_44140,train,S3ZOwFE35Tg,215.028,18.67784375,real
real_50689,train,yo5_SI58jy0,240.084,0.03096875,real
real_40577,train,axsD7jMteCE,240.084,25.83284375,real
real_13976,train,JRCTLJQBRC4,240.084,2.54534375,real
real_11676,train,3zMrL6N3GDA,240.084,21.74909375,real
real_34028,train,Ljo8VEEgcVg,234.432,0.58784375,real
real_16334,train,KK-NM6QncWA,222.048,11.57346875,real
real_33420,train,uQwwJYpMzRk,207.864,13.61534375,real
real_11886,train,Sfmzkj5QSto,240.084,8.654093750000001,real
real_17687,train,TbLJyjfyACM,227.736,13.26096875,real
real_20426,train,LX30jRKcmbw,156.384,12.552218750000002,real
real_13948,train,Dqol29Dxkss,165.384,15.20159375,real
real_14867,train,RSPtqHDE3Ao,151.884,0.03096875,real
real_20983,train,HejDLDghEOE,170.676,4.40159375,real
real_11976,train,eKynowH-zf4,214.452,12.552218750000002,real
real_39658,train,1u28K1aNguU,240.084,23.57159375,real
real_09247,train,7tsAiNX2la0,132.48,0.03096875,real
real_10633,train,WLO2fppkO14,194.4,60.98346875,real
real_19236,train,2fsGyFjoyR0,190.188,69.82596875,real
real_48108,train,olujOC2YouA,240.084,13.31159375,real
real_34867,train,4BpirBRWGUs,240.084,4.519718750000001,real
real_16979,train,dNlwkuzdmuc,190.476,21.90096875,real
real_12247,train,o5gucwLAxWA,213.3,5.835968750000001,real
real_28805,train,rukrffvMuCo,187.272,10.172843750000002,real
real_00313,train,78-tNEdqYU4,240.084,0.03096875,real
real_41339,train,lpWMibVIUbg,199.728,0.57096875,real
real_49094,train,jOfM6-R0hZk,240.084,63.31221875000001,real
real_19126,train,shExy5ubXE0,209.772,0.03096875,real
real_44958,train,oZ8bNTfqyJE,240.084,14.965343750000002,real
real_27452,train,bZd7ZZK4Hls,240.084,32.66721875,real
real_00551,train,hhzYbExfVIY,204.876,1.7353437500000002,real
real_48043,train,AkKUQuilJuc,199.332,25.54596875,real
real_29001,train,iW-MSnn0rL4,206.64,17.09159375,real
real_35763,train,G4ZdFp4qZ4U,240.084,26.67659375,real
real_50794,train,cvAEw8865MQ,138.276,5.32971875,real
real_19619,train,yPQfcG-eimk,238.572,2.8153437500000003,real
real_07666,train,tvUi5yGjJbY,240.084,0.31784375,real
real_52212,train,HSCw5wFgzMw,175.5,25.57971875,real
real_48958,train,vQjFCNh1s8U,232.056,33.78096875,real
real_03876,train,EyHKuyGsu4U,215.712,31.55346875,real
real_22337,train,I7EbJe2R0bI,236.916,12.552218750000002,real
real_13003,train,7TBWcISi4VY,154.548,40.95284375,real
real_07767,train,-sjJJU4v6Vw,200.16,9.51471875,real
real_32931,train,DnFhzzJEHvA,240.084,25.91721875,real
real_04393,train,X6Tjv-jxxw8,233.1,3.45659375,real
real_28141,train,UEkjIEzyyYE,174.492,15.960968750000005,real
real_35194,train,n6M1U7i_0AQ,240.084,19.33596875,real
real_06382,train,M03ITBjd91k,100.296,6.08909375,real
real_03517,train,HxWSDUC-KTU,168.624,8.738468750000003,real
real_12164,train,45Yay4RJsjQ,206.568,0.03096875,real
real_36166,train,ddco8dOaGrI,240.084,18.79596875,real
real_42905,train,ahGANsfVSIU,217.152,21.27659375,real
real_31309,train,TB31qSk8L-A,184.104,10.45971875,real
real_19086,train,NYMcACJLqJs,212.472,2.37659375,real
real_15884,train,wJjfHIoMvgw,192.42,15.859718750000004,real
real_35894,train,zK4aoFFr-VU,240.084,4.77284375,real
real_09222,train,pO7_SLurJC4,142.596,8.29971875,real
real_27367,train,aUKGfUdzIFk,93.744,0.08159375,real
real_41261,train,H_Ec_5LPbOo,236.7,0.48659375,real
real_31740,train,k4oExxIwSdY,187.956,23.35221875,real
real_03120,train,IUrtFsjfOMc,204.948,12.87284375,real
real_37305,train,GP62pGHh3wg,127.944,0.03096875,real
real_24393,train,feZ9A0IORVM,193.032,130.39034375,real
real_33904,train,aXuymDSGCko,240.084,33.54471875,real
real_42372,train,FU2MCiq2DxY,240.084,131.09909375,real
real_05140,train,3m8ElO9Y50Y,229.608,8.72159375,real
real_35904,train,RXfUecjXkXc,182.628,67.75034375,real
real_16158,train,92NypEOJLlM,175.356,17.51346875,real
real_38934,train,E1ygYzHULyc,155.844,53.15346875,real
real_49273,train,0M_fmiJ70L4,240.084,34.10159375,real
real_24832,train,nE_zFlX73zY,205.884,6.629093750000001,real
real_29972,train,9gDUZejkARU,226.296,10.18971875,real
real_19802,train,LHepHYItScs,139.788,2.42721875,real
real_24126,train,sV_pGVRWZLU,227.484,33.814718750000004,real
real_42874,train,q0hx0VdU60U,227.88,1.81971875,real
real_40634,train,GRK-QJqN_hI,240.084,19.50471875,real
real_52649,train,Pk0G8adoBhQ,199.692,30.32159375,real
real_30435,train,WFtu2n08eWs,240.084,4.08096875,real
real_40496,train,OGsdIA9Wd2g,240.084,0.6215937500000001,real
real_24633,train,89ywuuH-DCQ,240.084,0.03096875,real
real_43806,train,0G2EZb3n71A,170.856,11.89409375,real
real_28640,train,RvndGTU8C4U,135.612,28.65096875,real
real_43093,train,5G55K0N4aQE,240.084,43.66971875,real
real_27933,train,SRV9HMEmwEU,206.316,26.23784375,real
real_38983,train,DC8SbBB-bgA,240.084,29.12346875,real
real_44880,train,nUOsPdvBzfY,71.028,0.03096875,real
real_40208,train,zt5y5XLdtZ0,173.88,5.363468750000001,real
real_25119,train,v75Aw0MWszQ,164.376,45.728468750000005,real
real_05323,train,o-nr1nNC3ds,231.372,10.020968750000002,real
real_36110,train,dZlmNrMgcX0,206.172,13.46346875,real
real_43475,train,sleEVejhfNI,213.696,15.10034375,real
real_20196,train,KaQV7gxZatU,94.14,5.85284375,real
real_35915,train,R5JXkUEEBtc,240.084,4.941593750000001,real
real_13252,train,4GUk3V0iXyE,240.084,27.48659375,real
real_05987,train,9FAMgmaeEgY,181.692,0.31784375,real
real_11608,train,2f3V507wolM,154.368,5.177843750000001,real
real_20991,train,67fZE0KkUTA,187.02,0.95909375,real
real_02019,train,1QzJi58c1Xw,240.084,19.30221875,real
real_47833,train,4gBC30UW2Mw,180.36,9.07596875,real
real_17529,train,lKGzvwj_BHo,212.868,0.03096875,real
real_52995,train,oJcF95nj5fw,240.084,14.94846875,real
real_06298,train,FxFNprPOdss,236.88,0.03096875,real
real_09809,train,9itwt_opsvQ,239.04,21.24284375,real
real_17987,train,Tlu-_31CWfY,203.616,27.402218750000003,real
real_41149,train,PP552Lij2Qo,202.68,1.3303437500000002,real
real_51942,train,WCBTMRYVGYw,240.084,22.82909375,real
real_16599,train,vd6XFBv5zUY,156.564,9.02534375,real
real_16844,train,h_e-muOxeuo,131.22,13.969718750000002,real
real_24473,train,ifr3O33UpWs,240.084,2.0559687500000003,real
real_09851,train,At3xXBEy4n4,200.088,134.62596875,real
real_51074,train,X_UKDPR7k_E,240.084,14.10471875,real
real_20727,train,cJxZWfQ6aWM,171.468,12.282218750000002,real
real_08653,train,gRfbbzZ4xqs,240.084,132.92159375,real
real_22582,train,yjREC9hg6bU,208.512,32.51534375,real
real_29238,train,HZCSDg1jtUg,240.084,7.72596875,real
real_26983,train,5ApGIE47s7A,173.196,11.15159375,real
real_41971,train,sL1o9E7VNcw,240.084,108.82409375,real
real_45483,train,6hhbu3vrnn0,149.688,17.53034375,real
real_39067,train,cZCf3RL7riw,240.084,21.71534375,real
real_10197,train,OHTSxw6zN1E,236.34,34.94534375,real
real_32777,train,8UebSmtb6gs,240.084,31.16534375,real
real_02312,train,mXiFHDfvn4A,162.972,3.82784375,real
real_16591,train,-XScQyx7jqU,240.084,25.84971875,real
real_51040,train,yabWjhpRluI,102.636,18.47534375,real
real_48629,train,nJxUrLTBzS0,228.132,1.0265937500000002,real
real_24485,train,jJEZgUjjZqM,240.084,96.65721875,real
real_26076,train,zxzE5ta1lqQ,191.484,17.31096875,real
real_37247,train,dzMMTeNEqB4,204.48,128.71971875,real
real_52544,train,HHyU5bki8Sk,154.512,47.75346875,real
real_32149,train,RhJnGqp-YKg,185.472,11.60721875,real
real_36167,train,rXn_O8yECCQ,201.06,0.03096875,real
real_41227,train,6vKzZ5taMew,240.084,41.35784375,real
real_42320,train,elxierSam9U,182.412,77.57159375,real
real_25244,train,XZuEdsr2s7M,211.968,6.257843750000001,real
real_14411,train,C7Z-IP2onYQ,240.084,112.31721875,real
real_22039,train,Z3q5UrpQLQI,173.34,0.03096875,real
real_16371,train,qBsSQHP6I18,94.176,7.472843750000001,real
real_38000,train,vHi59pMU3H4,212.4,18.07034375,real
real_44563,train,chux9-lHqh8,240.084,21.86721875,real
real_40051,train,3ou8MpFVTXY,240.084,9.14346875,real
real_04829,train,XJm0L1gynPg,240.084,9.750968750000002,real
real_12930,train,L1wspW9M4uA,177.264,0.03096875,real
real_23638,train,-C-2AqRD8io,240.084,10.98284375,real
real_20674,train,4xpr1fLqEj4,226.26,12.04596875,real
real_19044,train,valVixMpzQY,217.44,0.03096875,real
real_52074,train,UU97N7ME7vg,216.36,38.92784375,real
real_25322,train,48K6jvpSNLw,240.084,6.392843750000001,real
real_47646,train,XSII64xbje8,240.084,29.832218750000003,real
real_29012,train,flBphojRw2M,203.148,16.61909375,real
real_29157,train,L6609kA56GQ,240.084,40.58159375,real
real_07625,train,Mt-XfZowFbU,138.996,5.549093750000001,real
real_38031,train,ouLWdtHIMOs,218.088,15.977843750000002,real
real_27394,train,rYYZntjDF1g,223.704,55.97159375,real
real_19579,train,-T7ez6dzIUA,185.436,106.59659375,real
real_23646,train,uAaN9W-ss_4,215.1,0.03096875,real
real_40066,train,6daBIzxbqSY,240.084,11.15159375,real
real_45052,train,H2Dl7JFI2D4,240.084,21.79971875,real
real_36373,train,xiYi7lXAfxM,188.028,14.10471875,real
real_32769,train,XdEOKeOqfN0,181.98,31.097843750000003,real
real_23282,train,_4tDw-VXhw0,219.348,5.0259687500000005,real
real_05714,train,5LEJgh4ykV8,171.648,0.03096875,real
real_25799,train,liZ2Wz6r9rg,205.452,17.46284375,real
real_35400,train,UqMbZY_iv6E,200.268,4.72221875,real
real_35306,train,LF6zxSA4xEA,240.084,21.52971875,real
real_27421,train,scpljRiNSfI,240.084,0.90846875,real
real_00114,train,zlJDTxahav0,207.036,10.57784375,real
real_16192,train,1BJZp4Tvfx0,184.248,12.754718750000002,real
real_14942,train,T7t38uDUg5E,240.084,49.508468750000006,real
real_34654,train,3bGxinyauCc,205.236,5.98784375,real
real_17573,train,GShb_obqY-4,184.86,0.03096875,real
real_32723,train,x881l9KNOz0,203.436,0.03096875,real
real_32840,train,0dgMHYThYXw,240.084,0.8072187500000001,real
real_33353,train,5RtPDMRXMvw,214.524,126.55971875,real
real_48225,train,3mkIDctw__k,207.828,29.882843750000003,real
real_48610,train,qm15xdZOxbk,240.084,9.902843750000002,real
real_14120,train,hnSISCJ08bw,215.064,32.59971875,real
real_13742,train,xVPvzX-AeSM,240.084,7.96221875,real
real_16505,train,-_qVW6b14VY,240.084,3.10221875,real
real_51973,train,Pualj1OU6bg,230.112,32.852843750000005,real
real_40411,train,c3tYZ1BIqsk,240.084,171.59909375,real
real_10972,train,eyn9kmuIwqA,240.084,25.34346875,real
real_33340,train,WP40kTZol68,204.876,8.09721875,real
real_03839,train,V-ALdcuCJRA,186.264,0.14909375,real
real_52955,train,XTFRsvlMk8A,184.86,15.03284375,real
real_39600,train,tLxtxXWCdSE,233.676,0.38534375,real
real_24077,train,hXU7izcKIo8,175.68,27.80721875,real
real_07074,train,kgSBRCZM6H8,166.788,4.35096875,real
real_30701,train,P7a_9O9Jl8U,240.084,11.40471875,real
real_47335,train,tZ6eirWxI_0,240.084,69.79221875,real
real_42216,train,7RAnpcyz4Rw,159.12,33.612218750000004,real
real_39549,train,P_EQ6yKeEQg,193.5,0.33471875,real
real_34125,train,XphJU8n31uY,214.956,0.09846875,real
real_29620,train,l1BBIcedyIo,229.536,27.95909375,real
real_32067,train,zrS03T0gvDg,236.52,25.22534375,real
real_35950,train,Q4ht1tpYK3w,227.412,2.46096875,real
real_31235,train,0QqYrf9SqZM,206.172,14.20596875,real
real_05913,train,8mExkW9BC-c,184.824,4.570343750000001,real
real_41120,train,dZ_Vm7yiN20,233.244,26.507843750000003,real
real_42825,train,pew9iksJJtE,240.084,8.130968750000001,real
real_01642,train,ldWSLu8ZY0s,240.084,32.16096875,real
real_05273,train,DpYqD5bDrsg,240.084,11.65784375,real
real_28053,train,4RdeP7Ol9eU,234.0,8.08034375,real
real_44453,train,6zB-G7kRO9o,157.14,1.92096875,real
real_21127,train,8pry5Rfn21I,225.72,58.97534375,real
real_35050,train,n7Ty9vLxCV8,186.624,0.08159375,real
real_42140,train,pqj1K2JJoi4,240.084,10.52721875,real
real_52571,train,j411kQANAFI,189.504,4.469093750000001,real
real_43323,train,vaSGQflCfcE,240.084,28.38096875,real
real_05643,train,dnX550KsQ0U,240.084,4.77284375,real
real_53048,train,OzwvqNzHy88,240.084,9.78471875,real
real_15870,train,rjLNzE7Ppp4,240.084,23.082218750000003,real
real_15375,train,t2Z9e3Zm1Ag,204.696,23.031593750000003,real
real_27150,train,0hWESvuHRGI,218.808,7.658468750000001,real
real_17651,train,PtKj1XyKVAk,150.156,0.08159375,real
real_36020,train,oPq3Y7fgFLY,240.084,18.77909375,real
real_12584,train,CqzfkA7hHf8,165.888,148.14284375,real
real_03225,train,vv21Ck2mSrM,225.252,10.965968750000002,real
real_35239,train,hNt031VH4Wo,240.084,18.66096875,real
real_22559,train,fdpEu6AB4IE,240.084,0.8240937500000001,real
real_51006,train,Yl-Cr4cMFHw,174.78,0.03096875,real
real_23644,train,zuwnLd3d9PA,192.06,1.9715937500000005,real
real_22926,train,DQJlEvdkOHU,240.084,37.61159375,real
real_18821,train,7WuggM1WBiU,235.764,14.15534375,real
real_41510,train,kEwGfJuWSW0,188.244,7.000343750000001,real
real_15935,train,6Nq0E0DYvMY,240.084,0.48659375,real
real_38066,train,h9nicIK7P3I,162.9,0.21659375,real
real_39591,train,Sv_KfkOXSMw,168.228,0.58784375,real
real_09121,train,DOU8Lx_3rYI,219.24,5.498468750000001,real
real_13101,train,rxC_x9rTMYY,240.084,0.23346875,real
real_31072,train,OcD2mOJx3HI,240.084,0.03096875,real
real_25324,train,czm6UrZGQ_k,240.084,11.18534375,real
real_03317,train,2JPU-UmJbo0,237.96,5.29596875,real
real_17725,train,QcFWjCYwBW4,178.092,105.41534375,real
real_12080,train,GIPBTCKPKA8,240.084,14.50971875,real
real_02548,train,NxkSEJ6Mv3M,240.084,1.34721875,real
real_29871,train,nkznWN-_vSM,233.568,7.74284375,real
real_43559,train,3FgXIjWFTks,240.084,73.94346875000001,real
real_14133,train,K8Di9B9K3OM,213.192,20.12909375,real
real_05567,train,i6Tbai-mRHE,207.648,15.488468750000004,real
real_05439,train,Y8hP09Yt8hU,77.94,3.03471875,real
real_10934,train,99UPD3z7hcA,240.084,107.15346875,real
real_10942,train,TYYW_WwYHuM,204.012,33.64596875,real
real_02333,train,YahdHGjSsRs,240.084,46.08284375,real
real_50761,train,UMUQnAL-BnU,240.084,16.72034375,real
real_40966,train,ruf9L_2Y_U0,191.232,86.04284375,real
real_00320,train,DEMDWIqed2Q,240.084,2.15721875,real
real_27270,train,-PVZalsSLKo,240.084,17.80034375,real
real_42501,train,o7nsJWmraH0,221.256,30.28784375,real
real_31931,train,nGyBIQjU2Lk,205.02,1.41471875,real
real_09033,train,IE7X7gYvSMA,195.912,8.603468750000001,real
real_21502,train,qY2vHj2LMnU,240.084,1.87034375,real
real_24175,train,LnIHVvEwbLk,232.884,56.39346875,real
real_46207,train,y0y9rpXtYEQ,210.528,4.11471875,real
real_36036,train,CLvH2Gt-gVk,153.576,19.09971875,real
real_15606,train,9lfbd7V9mFc,240.084,4.31721875,real
real_38351,train,xQe6WSBNjGQ,189.792,0.03096875,real
real_33966,train,JYIWPAe600E,150.336,14.813468750000002,real
real_04702,train,aNNExOnxxWA,185.508,14.374718750000005,real
real_33004,train,VluWRpYaBKA,201.276,4.77284375,real
real_23128,train,d7WlL0O5mt8,240.084,0.03096875,real
real_05588,train,quEXpUKEM58,173.016,12.07971875,real
real_28922,train,tR-RIVJe4KM,168.084,0.26721875,real
real_43191,train,TLFAmWeCzRk,239.796,15.87659375,real
real_22280,train,msYymGo-g44,240.084,6.544718750000001,real
real_33327,train,HKkRtGMf2Ns,154.656,45.59346875,real
real_18614,train,ELzgEvk31dk,167.328,22.45784375,real
real_42713,train,jw_M3od3sdA,168.912,6.51096875,real
real_03277,train,BmsM-TiL3o4,210.708,15.960968750000005,real
real_24867,train,OnOdFuMHUhQ,144.108,13.969718750000002,real
real_10420,train,Mi7W2PIoI00,176.148,10.15596875,real
real_17830,train,vlrhRlAp06E,164.412,0.03096875,real
real_48262,train,9ayvdtZJl0k,223.92,184.05284375,real
real_44316,train,qKBBNRjfT0c,240.084,0.03096875,real
real_11034,train,IGHM0u94zGI,188.244,6.443468750000001,real
real_21765,train,rxdpozZtJkc,240.084,23.94284375,real
real_17901,train,qOAiw54saOw,221.832,12.957218750000004,real
real_41713,train,-nb2Ctk8rbI,159.696,3.4397187500000004,real
real_07327,train,EQfm-Qqy-wU,197.568,23.16659375,real
real_21420,train,HNCgBuI2eJc,195.084,43.46721875,real
real_02529,train,geUYm3f6ZA4,234.972,13.63221875,real
real_47757,train,0U8nTLD4i1Q,239.328,7.40534375,real
real_11621,train,-vriWOM7EPI,173.52,6.629093750000001,real
real_11550,train,LUjm55y_mGk,124.776,7.32096875,real
real_15049,train,DANgNI6rqxI,204.66,21.24284375,real
real_03264,train,74j0Hs9OkOo,142.272,11.03346875,real
real_00607,train,MWASeaYuHZo,240.084,1.09409375,real
real_39702,train,hrzXxhf3jmg,213.696,7.45596875,real
real_19588,train,kl-2GUMijPM,240.084,11.18534375,real
real_03870,train,nw8zdCwp3k4,214.992,0.38534375,real
real_23283,train,J0SR7wPSe20,240.084,56.08971875,real
real_37022,train,oRPu1Owj7DM,220.608,18.64409375,real
real_52981,train,Lj06nO_nG1E,162.576,31.28346875,real
real_38790,train,ISFgLCwVXd0,174.744,2.0897187500000003,real
real_20616,train,-dM_Vpk9ZKg,240.084,37.35846875,real
real_14602,train,MpiK6ncKQfM,223.56,28.83659375,real
real_26726,train,OeyqihC90fw,169.704,124.68659375,real
real_14445,train,0yTf4I08Ns4,153.072,1.07721875,real
real_03114,train,BWf-eARnf6U,240.084,1.93784375,real
real_32209,train,1oFHru_aWZQ,133.992,17.22659375,real
real_49198,train,DlsPMdIgT-k,220.572,8.552843750000001,real
real_01276,train,N-bEQ8VBHA4,240.084,10.10534375,real
real_47152,train,zD1DHQgmELc,200.7,4.3678437500000005,real
real_51167,train,pNMxHGvhlko,240.084,41.25659375,real
real_07682,train,B_k_ojB65fk,216.972,16.973468750000002,real
real_20152,train,t-PH1irqmE0,178.488,21.02346875,real
real_03341,train,lFH91B5kz3A,240.084,1.4653437500000002,real
real_04608,train,K1Nhu1khEh4,187.236,8.46846875,real
real_21676,train,6ne-jnLUZ50,240.084,32.430968750000005,real
real_24239,train,NG3LPrqNStM,219.024,0.6890937500000001,real
real_08847,train,BAxf1U_BNjo,240.084,17.47971875,real
real_44597,train,I2ZYD3Rv-t4,230.76,56.12346875,real
real_19415,train,qOgFHMEJMeY,240.084,15.977843750000002,real
real_05160,train,JWywn51-B_I,199.044,0.35159375,real
real_26692,train,QbPajfIwRRs,225.756,27.55409375,real
real_31897,train,So2dbVw8Hy8,205.632,5.970968750000001,real
real_48751,train,YlMsLIlWqWY,224.28,13.15971875,real
real_39081,train,6_1HBOBrWG0,240.084,40.446593750000005,real
real_21445,train,BXff-FgNdy4,240.084,0.03096875,real
real_15800,train,4DSqKiqykYE,72.468,18.54284375,real
real_27848,train,4uu7y-EM28E,239.076,17.294093750000002,real
real_02205,train,mngtcfcaVrI,224.424,24.97221875,real
real_16793,train,vNYGHwCcPH0,151.128,2.5115937500000003,real
real_16162,train,zS5i_smVfUk,174.78,22.32284375,real
real_25814,train,NbbIz7gtzO8,240.084,16.450343750000002,real
real_24388,train,amXUQrCqljw,205.272,16.53471875,real
real_05090,train,hOllF3TgAsM,240.084,2.14034375,real
real_46299,train,m23fmVdmtN8,196.128,28.97159375,real
real_36643,train,94AVhxA8Og8,240.084,14.50971875,real
real_46624,train,YRImwB3QSHU,165.42,8.35034375,real
real_07535,train,doxZcYa4CHA,216.936,17.395343750000002,real
real_35087,train,WfBJGgoUB-U,240.084,126.76221875,real
real_17430,train,1-i9w0YhEVI,173.628,8.72159375,real
real_05809,train,MgQVZgAqKt4,240.084,10.797218750000004,real
real_42542,train,2tqmAuBs86s,210.816,78.87096875,real
real_39425,train,bhtxl0Nm-m0,240.084,1.21221875,real
real_11337,train,LiaYDPRedWQ,199.008,0.8915937500000001,real
real_43399,train,lxaaN2ScHPo,157.428,6.2915937500000005,real
real_48128,train,X-KxqNb_nws,177.156,0.14909375,real
real_16907,train,kvvojZqlonQ,186.444,7.422218750000001,real
real_03296,train,4ay4S61byZo,240.084,24.46596875,real
real_05860,train,B6nVV-ibpWk,240.084,26.06909375,real
real_51924,train,DZhpxjAfSds,240.084,6.4772187500000005,real
real_29171,train,NnTuIJkHXZo,240.084,5.599718750000001,real
real_21358,train,BTA6zBU0-4k,231.228,5.734718750000001,real
real_31312,train,iClZKJMkTnU,240.084,1.34721875,real
real_20819,train,bsHKcOxjoiw,204.732,29.39346875,real
real_46229,train,fCuCIUQpVVg,218.088,25.714718750000003,real
real_16275,train,C_h1lzllyJc,240.084,16.56846875,real
real_37367,train,9GO-fscCNdI,209.196,47.31471875,real
real_02466,train,qIFNREc9mHc,156.672,0.03096875,real
real_45883,train,hYRHW6ubNhE,184.968,18.98159375,real
real_46287,train,IqNiIVKzXgc,240.084,4.620968749999999,real
real_30163,train,y2xgwzNKa58,240.084,5.53221875,real
real_19463,train,Y6lcppPHkho,197.928,5.93721875,real
real_51688,train,tEQ6XTLKPKo,195.048,10.594718750000002,real
real_38947,train,JLdJ4C_uyjk,240.084,51.16221875,real
real_26138,train,0rEBT_Ge3sc,240.084,30.64221875,real
real_47424,train,UAIWpsN1Rgk,240.084,0.03096875,real
real_22711,train,Mnr-XUGK45s,227.7,37.37534375,real
real_34638,train,7ZaqFEDewTs,228.492,60.73034375,real
real_43350,train,s2uD-XEqVBQ,240.084,12.94034375,real
real_39808,train,j4t54bPUvmg,187.02,17.46284375,real
real_02649,train,9wgDRAy9FbE,126.396,0.03096875,real
real_07989,train,_1CGcRpBSjI,64.728,13.007843750000005,real
real_27466,train,WfoU6-lZFdw,240.084,4.95846875,real
real_14124,train,812eX1tgoQY,195.984,2.96721875,real
real_31224,train,rDlPJ13daf8,240.084,18.61034375,real
real_21340,train,80j62Ac9LXA,169.2,3.2372187500000003,real
real_15471,train,tdzWUEjffQ4,240.084,103.03596875,real
real_24560,train,EMoHd_OAUrU,155.556,37.392218750000005,real
real_43919,train,04eNQal1qmQ,183.204,2.41034375,real
real_40209,train,A7vM3XUHfLs,198.9,4.53659375,real
real_02728,train,0MEJUFeJ4Ag,183.96,8.687843750000003,real
real_16626,train,74LXx0wSqMI,231.156,56.680343750000006,real
real_35081,train,XXeyZXWdjtk,175.14,0.03096875,real
real_48892,train,xyl8n2nR9Sc,240.084,27.52034375,real
real_40832,train,QUVgKzU-bMo,240.084,3.97971875,real
real_33335,train,7RYhjORQlnI,240.084,81.45284375,real
real_17882,train,7oHc7vpV5DU,187.092,17.83409375,real
real_04918,train,sQEgklEwhSo,194.22,12.113468750000004,real
real_33807,train,zCp7y_mRpOg,240.084,10.61159375,real
real_13382,train,qZAAOwm6qQA,99.576,3.40596875,real
real_10465,train,1bDz2MZWKlM,240.084,0.48659375,real
real_49391,train,8_8poPfh92E,170.712,21.24284375,real
real_04412,train,Uevx0-MgkSI,240.084,26.42346875,real
real_06909,train,sOHYvzYOw8E,197.892,12.383468750000002,real
real_53013,train,BHao3Fhakps,240.084,51.87096875,real
real_10429,train,NK0IaxcRrPs,160.308,8.45159375,real
real_22695,train,Z1ZzR7ebDJY,204.012,17.68221875,real
real_51078,train,aVi5o1uJFbY,240.084,0.40221875,real
real_01242,train,zQ3PeDGswz4,240.084,36.48096875,real
real_37449,train,uK0dwMCbw1Y,240.084,0.03096875,real
real_31345,train,AakErsX3mdg,223.488,30.55784375,real
real_23742,train,KoQ02HZLDis,133.128,7.11846875,real
real_35881,train,FKpS082H3QU,240.084,8.41784375,real
real_06659,train,TQK0d72Jom8,206.136,22.01909375,real
real_21190,train,hvWnnSCJHeM,240.084,1.53284375,real
real_35621,train,nIGoP-_BtWg,187.956,0.8915937500000001,real
real_44305,train,Tenk_lx-TLU,172.872,1.44846875,real
real_43187,train,8KuFU0rWFfk,240.084,3.3215937500000003,real
real_49133,train,giTZEOWMiL4,240.084,10.66221875,real
real_09482,train,6Vzt6fBOgz4,215.28,17.53034375,real
real_23806,train,6-4U1PMMcuc,213.3,38.759093750000005,real
real_28199,train,5E4ZBSInqUU,206.676,3.45659375,real
real_08910,train,cdYKj2PvnZE,240.084,45.610343750000006,real
real_22861,train,6mE9ITFzBNI,208.152,17.46284375,real
real_29306,train,eTLKHRk68l4,205.02,0.26721875,real
real_40322,train,9B_2DSW2ZEM,240.084,0.33471875,real
real_27940,train,5GVGOAWv-Yg,240.084,20.24721875,real
real_43804,train,XffZRb2Dh0E,173.988,16.53471875,real
real_25156,train,5BYg1XQveMs,213.552,18.55971875,real
real_43098,train,V2yhkCXNnKQ,218.772,0.8072187500000001,real
real_14970,train,WBY5QtZawFQ,183.024,30.60846875,real
real_04102,train,2IE3T9mcqyM,240.084,24.56721875,real
real_52141,train,DBOSkT-7jBE,240.084,26.91284375,real
real_05438,train,OcnrboRX0lQ,137.484,1.44846875,real
real_23363,train,V7ELZ8K4FoY,192.384,10.274093750000002,real
real_01867,train,lBakG7KtVZE,240.084,6.966593750000001,real
real_19858,train,Rw85yLl0Rk8,225.396,0.36846875,real
real_05597,train,FvcNr_5uWgY,227.412,23.48721875,real
real_37924,train,OF7N9pzM7C8,214.416,0.16596875,real
real_50732,train,0xS0rftsgsg,170.928,19.99409375,real
real_06642,train,LNEuFfmqnrw,187.236,25.03971875,real
real_51685,train,Z0NGdLr4img,240.084,33.30846875,real
real_30140,train,OXTEXpdI4aM,240.084,20.95596875,real
real_11399,train,R4oCDAXQC34,209.844,0.03096875,real
real_04368,train,67zwHKB2IMs,196.74,19.31909375,real
real_45662,train,m2zKaUu0uao,240.084,7.74284375,real
real_23951,train,l9aq6hYEcNY,240.084,38.21909375,real
real_35537,train,15e2A3-7dGY,225.9,8.46846875,real
real_38427,train,g-cKBbrSQDM,202.284,5.24534375,real
real_52918,train,bTuKBTqL83g,223.884,11.691593750000004,real
real_38650,train,3S5g2DlKzlw,240.084,7.894718750000001,real
real_08254,train,_tqhIbLfJ9s,164.412,3.0515937500000003,real
real_06116,train,azjOefV3jik,240.084,1.88721875,real
real_42660,train,Ac2YHgLSDio,240.084,1.0265937500000002,real
real_45532,train,U6qx7U6BKVc,207.972,20.02784375,real
real_43365,train,f3vx2Oim-Ec,230.76,38.134718750000005,real
real_16056,train,rdv-LRg2Egc,202.428,0.03096875,real
real_16625,train,Yx3X7Tg4axo,240.084,36.43034375,real
real_36174,train,SVx2RuANAyk,189.432,12.282218750000002,real
real_07475,train,h4ByA3340gw,172.26,10.172843750000002,real
real_16250,train,bXr-9tWhefo,240.084,15.10034375,real
real_48547,train,oVH3YEiCmEA,232.596,39.87284375,real
real_05959,train,isIABK-0ohQ,240.084,22.86284375,real
real_24216,train,Ded35uYkrW8,229.104,28.80284375,real
real_02306,train,5pe65gWJLxI,230.4,6.59534375,real
real_33432,train,8dO7cfK4izU,201.348,37.74659375,real
real_52239,train,OUq7uh8asEQ,240.084,8.333468750000002,real
real_48882,train,oGP6BGB4-JE,188.46,146.64096875,real
real_19258,train,egW61vM6vgs,172.332,0.03096875,real
real_01348,train,vxnlHp36baE,240.084,0.03096875,real
real_14316,train,E6zhtS2RJOw,178.884,14.121593750000002,real
real_42075,train,eFOuUHsM8x0,173.916,0.06471875,real
real_16089,train,joidgkjh0xY,144.972,0.36846875,real
real_50362,train,xSKjAC4sdT8,194.868,2.98409375,real
real_13756,train,YsA-opWDb4U,146.052,0.57096875,real
real_36580,train,W8RKuyE_Ddk,240.084,12.974093750000002,real
real_27632,train,2JkFt-i_zAo,240.084,15.42096875,real
real_49867,train,g_bgd8vR78o,240.084,7.658468750000001,real
real_02033,train,E9RJPZhR308,179.316,20.48346875,real
real_26873,train,qNBQosj5R08,162.864,22.01909375,real
real_45278,train,jLWlMJhazCo,240.084,28.566593750000003,real
real_51279,train,INKq3n1rEsY,202.716,11.05034375,real
real_34019,train,cjEvLABRev0,232.524,0.26721875,real
real_33302,train,CpNK6zSF98k,225.684,213.09471875000003,real
real_13082,train,qkNa5xzOe5U,228.78,25.47846875,real
real_26328,train,BdrSYXXr4r0,178.704,37.76346875,real
real_46626,train,7dbPYbG8eLM,113.616,0.03096875,real
real_31843,train,QhJvgk5B8AA,238.284,8.19846875,real
real_52613,train,9-8zVH35qc4,181.944,105.51659375,real
real_31709,train,WrOciiPDoW0,168.984,0.03096875,real
real_40882,train,fFpgglvBGws,240.084,0.33471875,real
real_44523,train,otP55gLwnIg,202.932,6.46034375,real
real_11662,train,VTb9nziVnoA,229.932,11.05034375,real
real_50146,train,OacjOswgdNQ,240.084,4.620968749999999,real
real_32057,train,dn_ybsID5Ko,205.344,16.26471875,real
real_28759,train,tyjuqDt2akQ,209.844,30.76034375,real
real_05647,train,0VPCEFnqLuE,179.388,12.332843750000002,real
real_17278,train,HdM8x5xadC4,193.14,11.23596875,real
real_07936,train,lwXynZewLyg,205.416,9.19409375,real
real_18700,train,WRmSsP5EiNw,182.772,40.07534375,real
real_31469,train,dpKOvGB0gHE,219.924,17.294093750000002,real
real_33414,train,n653nO9soZs,240.084,0.03096875,real
real_40161,train,QhI6Mwj1Lxk,166.68,15.235343750000002,real
real_41760,train,pKTOSCD6qUU,129.312,1.17846875,real
real_22120,train,RajjloEKNCI,152.316,45.42471875,real
real_30483,train,Jry11x7FV30,240.084,0.21659375,real
real_00579,train,dI3xkL7qUAc,219.744,25.03971875,real
real_13583,train,XV3U5ND2GcQ,146.232,0.5372187500000001,real
real_39623,train,ayF9Nmin_NQ,187.02,3.11909375,real
real_01946,train,35enS3ApjIc,195.66,3.0853437500000003,real
real_20232,train,AGn1XBsO-gM,163.296,9.07596875,real
real_15243,train,UsHTvW_pYT8,163.62,0.03096875,real
real_14753,train,jSoQNcpNI-k,166.788,0.5372187500000001,real
real_33902,train,ZPQkIMj2Wew,195.552,10.30784375,real
real_26101,train,iYE_qs983Qo,185.004,32.430968750000005,real
real_12294,train,XpwaCc3jR-s,195.984,3.62534375,real
real_45835,train,bYEwo_8qpRE,240.084,5.886593750000001,real
real_08358,train,wTs0ufBq7z4,208.224,18.55971875,real
real_09189,train,Ecl8Aod0Tl0,202.32,9.04221875,real
real_17431,train,N5xMlDeGFBU,162.72,18.00284375,real
real_46409,train,VH6ALuYnpiw,175.104,12.636593750000005,real
real_29547,train,dyvpR0c-bRQ,240.084,0.43596875,real
real_48548,train,WO8Z6S7oHTw,69.984,2.98409375,real
real_39329,train,3N5_Uxdfx_I,184.716,18.72846875,real
real_26406,train,6VoeSJSzvEE,164.808,10.18971875,real
real_14066,train,EbUXjyuvl54,162.504,31.55346875,real
real_30882,train,QRJfvLWYddQ,240.084,0.03096875,real
real_41620,train,d7raKBrwBvc,240.084,21.42846875,real
real_13279,train,5NFkFVe93NM,240.084,2.73096875,real
real_41655,train,c0PsoqMPqr4,240.084,23.11596875,real
real_05392,train,NJG_rMhnNlY,182.016,0.7565937500000001,real
real_22138,train,-HlxJTDORes,240.084,0.03096875,real
real_02534,train,5IDbZdaNw2Y,240.084,7.050968750000001,real
real_20243,train,LceFCQuO5Yw,190.512,0.43596875,real
real_10441,train,bvHM2XWffBg,128.772,56.798468750000005,real
real_13973,train,nANdZ2ah9yI,227.124,0.6890937500000001,real
real_38805,train,LFwcHebGZU0,240.084,21.29346875,real
real_40658,train,iir8HyAKqQM,166.284,19.18409375,real
real_03064,train,tXaeLbheT0k,240.084,4.3678437500000005,real
real_10216,train,Hz1aBtNPf6s,240.084,3.94596875,real
real_30313,train,iTdVcYeUmv0,240.084,139.87409375,real
real_05949,train,ArdBI_F1LKo,240.084,29.52846875,real
real_30894,train,bnO7DFC5osY,182.844,15.539093750000005,real
real_35490,train,geUr7vcmiu8,240.084,35.09721875,real
real_00687,train,FQsWkb8uzL4,212.688,0.03096875,real
real_16137,train,XrBet1Rv32k,240.084,58.50284375,real
real_51818,train,T2m6HDY5ymw,164.232,20.43284375,real
real_13261,train,CW4Q7z6-gdw,165.384,14.13846875,real
real_09152,train,desJKYvdq9A,173.124,37.45971875,real
real_29048,train,X1XvFx0krhM,240.084,58.28346875,real
real_08513,train,GXVvyxozjqM,232.236,0.03096875,real
real_51393,train,4_vHP2b_wr8,240.084,63.36284375,real
real_34693,train,60kQ_qaWS0E,240.084,37.493468750000005,real
real_49842,train,xl_mWGyEUm8,240.084,43.33221875,real
real_04539,train,V3ADK6gsDGg,240.084,3.92909375,real
real_06854,train,zevcsjXwQmo,227.16,13.598468750000002,real
real_35070,train,pv4FpZlpTC8,240.084,0.31784375,real
real_26394,train,-DxXRzhEIss,231.84,1.95471875,real
real_26113,train,kWzV5loJxN0,189.324,19.18409375,real
real_07344,train,EcNkO9eI670,174.348,17.63159375,real
real_30599,train,B2vNCFZJYPk,240.084,23.47034375,real
real_04413,train,zsCD5XCu6CM,225.864,46.875968750000006,real
real_06832,train,mVeAvfBggUQ,165.492,0.25034375,real
real_50722,train,0H9VqJI8A6w,208.116,3.15284375,real
real_52716,train,b2Ib4eIbAqE,197.604,11.809718750000002,real
real_38024,train,R98MHlsbUeU,240.084,1.00971875,real
real_30961,train,He-2iNVvCx4,222.048,5.920343750000001,real
real_22974,train,pq9ecdvlpIM,208.512,8.02971875,real
real_07278,train,qt2iES8Yfac,233.064,28.85346875,real
real_31730,train,umv4RVKS5gg,231.3,169.96221875,real
real_04582,train,zhPTt1T122o,222.912,15.134093750000002,real
real_41490,train,HDebxFrW-tE,214.488,5.61659375,real
real_07014,train,mRd3mizFBGs,185.688,4.7897187500000005,real
real_39086,train,yej7_IcACB0,212.58,12.31596875,real
real_13484,train,94UmYrW5oto,179.568,14.10471875,real
real_26739,train,fVah8x7_C4E,182.916,0.08159375,real
real_14889,train,q7mCA-yfQ_Y,151.812,0.03096875,real
real_35164,train,HmiBi5U31rs,191.124,7.000343750000001,real
real_38917,train,D1E-t0SWB10,181.548,1.07721875,real
real_39409,train,S7Fca_SpivY,240.084,20.06159375,real
real_19304,train,zC2wnwvJ0OQ,236.34,0.03096875,real
real_33428,train,nFR3eXSuGBk,215.388,0.03096875,real
real_38908,train,ILuCkHoABLI,240.084,49.44096875,real
real_49979,train,H0foIiSkSew,205.092,126.69471875,real
real_06406,train,xxl5rxa9DQM,240.084,11.62409375,real
real_33051,train,xCZKwRGAFvQ,240.084,0.43596875,real
real_30480,train,-z8Yv8AHinA,240.084,29.62971875,real
real_35829,train,btx_UbzhpO4,234.0,0.26721875,real
real_17805,train,iCjONOn5my0,173.88,66.97409375000001,real
real_39394,train,PVm_5LBBYKk,240.084,0.11534375,real
real_02161,train,icfedTCQ93w,240.084,25.91721875,real
real_21864,train,gz3GMlKJc5U,207.108,1.19534375,real
real_39815,train,ITaOWPFRyMg,206.604,0.8240937500000001,real
real_34786,train,9Lq6KSPcdiY,224.316,12.974093750000002,real
real_45576,train,AA1e85WDGI4,104.508,15.606593750000002,real
real_07179,train,xixHwMFWIBA,119.124,2.49471875,real
real_34270,train,470J67mx2cI,171.18,15.218468750000005,real
real_14092,train,MZ4zcR4mQu4,240.084,0.03096875,real
real_22760,train,wPow2T0PYqM,224.496,12.99096875,real
real_37496,train,atnRI0e_rU8,182.268,14.644718750000004,real
real_33471,train,EpqV54p70E8,165.06,0.03096875,real
real_28983,train,krBTBV58je8,109.44,7.30409375,real
real_24035,train,ndoaF4UtNLI,201.168,19.77471875,real
real_41441,train,3p6wm8MA3mA,186.624,1.11096875,real
real_22911,train,PKMF2N0SHzs,191.88,17.66534375,real
real_32406,train,mb11bcW4Uyk,240.084,0.03096875,real
real_50960,train,v3tTDQYPvvs,240.084,36.80159375,real
real_14341,train,c7ORVVLb1uQ,163.8,53.17034375,real
real_00726,train,3TsYIQv0sX8,217.872,4.48596875,real
real_29049,train,JRIt90x4UMs,235.368,11.20221875,real
real_04631,train,tQj1kPmQXwE,238.14,17.05784375,real
real_11521,train,csGoVMysHz0,196.128,13.93596875,real
real_18566,train,w64-IH47-5Q,240.084,48.52971875,real
real_52488,train,akCigogPNUI,225.576,57.89534375,real
real_04177,train,vCOXTEzfoJ4,179.784,14.52659375,real
real_29814,train,b0u-KzmNaHY,240.084,23.21721875,real
real_05944,train,5LrPqWAa8wA,187.056,12.974093750000002,real
real_16298,train,DmefCUgU-h0,235.116,18.23909375,real
real_38803,train,eS_fl9IhbZU,232.128,16.011593750000003,real
real_53087,train,cDgfef3-VbM,216.936,5.39721875,real
real_19823,train,jxjeqCd6Zm0,240.084,52.84971875,real
real_09484,train,6e6Hj7MwWaI,240.084,17.56409375,real
real_39325,train,-Qyxdv63-NQ,166.068,32.56596875,real
real_39927,train,JRoQ3pU4i1k,217.548,2.03909375,real
real_20630,train,gZ_UTJIwIdk,232.956,5.16096875,real
real_19417,train,2Or4e7mu5Uw,240.084,11.77596875,real
real_51158,train,ZBuCRa0Zzb0,220.14,14.61096875,real
real_45340,train,nfNzUvZE98A,237.6,19.89284375,real
real_04277,train,gyHh63zJQw4,240.084,0.28409375,real
real_49905,train,ycOQHL9LXAw,228.492,5.14409375,real
real_31417,train,CRCjMP8SGIw,198.072,43.90596875,real
real_31355,train,X9SSeZNXnTU,240.084,0.5372187500000001,real
real_03746,train,MxXM3H2VGy4,216.972,0.95909375,real
real_21685,train,wv6U37sXkHo,236.844,74.41596875,real
real_14522,train,Q_7EKr5a82k,240.084,16.31534375,real
real_44731,train,TjdYc10b5n8,238.5,15.35346875,real
real_17576,train,8TxPkaMphV0,216.648,75.93471875,real
real_10889,train,A3c12QEFpaQ,96.372,2.2078437500000003,real
real_34751,train,W0l9ixx-i8o,240.084,17.46284375,real
real_29575,train,Zqz55W5RbQw,240.084,0.03096875,real
real_49305,train,IZBrd18xzsw,170.892,0.6722187500000001,real
real_39336,train,LKAd4ksZisw,217.548,17.766593750000002,real
real_34773,train,ow4i6I-OptM,240.084,39.41721875,real
real_10031,train,iy-eBFsP9JQ,217.548,68.64471875000001,real
real_02737,train,HcWaHMGD2lY,212.94,0.63846875,real
real_43385,train,ofYzdpSRjQ4,203.508,12.31596875,real
real_34280,train,A3GZzMIltMc,202.104,0.03096875,real
real_41596,train,RPAPyVOqTYM,240.084,0.03096875,real
real_17382,train,m33Gzhd5Yfw,217.98,24.49971875,real
real_16508,train,wlPbUqXyaZ4,193.104,18.49221875,real
real_09955,train,_44U62nTLew,187.56,0.03096875,real
real_44519,train,ytYAwEJKtPs,144.864,0.72284375,real
real_04384,train,Xdkr-xPF6b0,233.352,0.23346875,real
real_30541,train,9cxJChRPKl8,240.084,50.95971875,real
real_32142,train,UhjM8dcQsnc,240.084,17.14221875,real
real_23009,train,4xx4ncXUQto,240.084,24.93846875,real
real_06842,train,7boV6F9VCwQ,196.02,2.49471875,real
real_12602,train,KXsqMGpZHb4,186.66,6.98346875,real
real_17073,train,ZyzIZ0wFAG8,154.296,0.03096875,real
real_24020,train,wlxWpGAfClQ,240.084,19.21784375,real
real_17144,train,sCaLVLk2nTI,187.452,5.228468750000001,real
real_34481,train,v3MFHny9kpM,240.084,6.40971875,real
real_06238,train,uEcKk2U_U7A,240.084,21.29346875,real
real_15180,train,KN0wf4PPn-Q,240.084,13.46346875,real
real_22567,train,Rjdv7rBZzg4,136.908,6.88221875,real
real_38137,train,O0cGTl2AKww,182.52,0.03096875,real
real_10340,train,5X0qikVTQJo,193.536,1.3134687500000002,real
real_05328,train,HaTn3oRPtzg,235.62,8.637218750000002,real
real_36757,train,j7nJ7zmePzA,214.416,15.134093750000002,real
real_22118,train,9clmAr9Z3wE,218.376,2.76471875,real
real_25510,train,S1kezgf_fIs,228.96,1.17846875,real
real_29230,train,VViSOgSrINI,142.236,56.899718750000005,real
real_03388,train,7TTyA6zErec,224.676,4.620968749999999,real
real_37221,train,_TjI_T3-P7w,240.084,2.25846875,real
real_23617,train,JOdiu96mD_I,240.084,82.44846875,real
real_05798,train,XDTFRQa593w,240.084,14.50971875,real
real_04158,train,jNY_wLukVW0,240.084,2.2415937500000003,real
real_22228,train,OylaEf0b5XU,240.084,13.446593750000002,real
real_32087,train,mUPEZpsqYGc,99.54,0.03096875,real
real_16715,train,ZprcunL9eVQ,132.876,0.03096875,real
real_16148,train,oEPpSiskIK4,240.084,0.4697187500000001,real
real_29521,train,UUMLgoQwWco,127.764,41.087843750000005,real
real_51330,train,zqTrWD-Mp4M,158.904,0.40221875,real
real_27680,train,SyhBNjNRZd0,240.084,14.61096875,real
real_10244,train,2509z0knTSk,240.084,0.14909375,real
real_36810,train,nxfXbpXRdCQ,192.132,3.15284375,real
real_25610,train,k9PMXaTTySc,149.904,5.81909375,real
real_26763,train,yLUmgshaWf0,240.084,21.63096875,real
real_32999,train,5pLNTewIfrg,206.424,17.83409375,real
real_46771,train,JBj7hUxGt_k,192.744,39.41721875,real
real_48556,train,G_pFHTvO5mk,201.24,9.227843750000002,real
real_42942,train,9NWtvqHjrMc,216.072,6.51096875,real
real_32337,train,Tu6KfMiyNAc,180.54,21.59721875,real
real_34160,train,F4OPeZ-dUq4,183.024,20.51721875,real
real_02732,train,978iHuFKfS4,228.42,5.0259687500000005,real
real_38554,train,29yeQ7umXuE,197.964,4.30034375,real
real_30129,train,7robnvaGTNY,213.12,0.16596875,real
real_14394,train,eJ8Ecieko8U,185.184,13.598468750000002,real
real_31987,train,A7sBcyx5v1c,240.084,1.19534375,real
real_36709,train,QY77I0sykJI,238.356,85.30034375000001,real
real_45723,train,lh2qHxUDt6o,232.272,2.76471875,real
real_48110,train,NkozrjtA0Ro,189.0,6.98346875,real
real_42771,train,ZvtGTFsrJ8w,203.796,0.03096875,real
real_46142,train,Z53QxUZEjLw,203.652,40.32846875,real
real_46455,train,XPudIeRotdI,194.976,16.93971875,real
real_39885,train,rpUd8ljUNWk,199.872,42.47159375,real
real_49876,train,agSTxVLTHjg,240.084,31.50284375,real
real_51348,train,c7hoU-v-to0,219.06,6.56159375,real
real_11696,train,a99fUbOrqLk,240.084,38.860343750000006,real
real_51486,train,QbNPDPDkrVQ,168.516,17.05784375,real
real_08286,train,IkZjJcahVa4,220.212,30.52409375,real
real_23505,train,QR9gzaiJnSo,160.668,3.84471875,real
real_16963,train,SQ0zrFYlh4g,185.292,0.13221875,real
real_00743,train,c57SJmqpp5g,240.084,14.15534375,real
real_33853,train,tM_RWbxLa5Y,229.536,17.78346875,real
real_02257,train,NnlF965dXqc,208.8,0.03096875,real
real_19378,train,gycYRQ8yAb0,167.292,53.28846875,real
real_08839,train,6jSEbCif_4g,239.004,29.29221875,real
real_25157,train,1vY1u7ML7t8,215.568,18.13784375,real
real_35595,train,jtHR6EOF-aU,240.084,213.01034375,real
real_14466,train,54yLEvwt0YM,185.256,3.27096875,real
real_48207,train,2tnhmAuKgC8,240.084,43.079093750000006,real
real_50157,train,DN1Foddvez8,236.664,32.93721875,real
real_06491,train,2Y_UKRxcuSE,177.012,11.08409375,real
real_25667,train,IkCiVj_AqY8,130.104,0.28409375,real
real_49527,train,tcEdViPKkmE,186.012,20.28096875,real
real_14448,train,1JP2d7K63J4,240.084,0.21659375,real
real_16064,train,Eisc0534d-0,92.052,8.99159375,real
real_30021,train,s81ZHFOD4UI,221.328,19.13346875,real
real_10759,train,VsuKCXy6Fq8,214.956,0.16596875,real
real_40412,train,Lo_RszXfE84,197.712,7.32096875,real
real_33662,train,1S3av4sueK4,240.084,47.75346875,real
real_05957,train,Dbb7xeZGR-U,214.02,1.00971875,real
real_19949,train,8Q0GOeQ8Bno,240.084,10.51034375,real
real_34325,train,QLheGQAWQdY,240.084,12.805343750000002,real
real_44400,train,mOHBEcSi-QU,191.088,3.87846875,real
real_45250,train,zrZv1RYSTzw,189.54,6.32534375,real
real_28662,train,z0TZ1r4Sif4,171.504,4.6040937500000005,real
real_52537,train,9B9ohuu7OKQ,206.568,43.70346875,real
real_43091,train,BEd7IsO_hi0,129.852,0.33471875,real
real_19653,train,-xWdXQFcQOw,240.084,7.388468750000001,real
real_46296,train,tyUZP7yllig,206.892,0.90846875,real
real_18440,train,vV5TgvS23x8,240.084,12.383468750000002,real
real_51959,train,4LAn-dC9rxU,240.084,23.31846875,real
real_05496,train,6z5SkOjXxRk,214.884,12.14721875,real
real_09669,train,Y2NkuFIlLEo,240.084,10.324718750000002,real
real_12902,train,s-F0US5eKnY,207.504,2.61284375,real
real_39419,train,paFUBjeTcZY,240.084,11.016593750000002,real
real_32970,train,C-R1rBj_yxo,199.872,0.63846875,real
real_40454,train,UvMiVt3DRXY,238.104,186.88784375,real
real_52241,train,NQPqh1A8q1I,240.084,5.970968750000001,real
real_32297,train,66YfScGKdqw,228.204,14.10471875,real
real_02575,train,SNUHSfVIh5A,234.288,2.98409375,real
real_31751,train,CBmBe6uJekY,240.084,48.681593750000005,real
real_19435,train,0cazrTHGSFQ,194.148,1.0265937500000002,real
real_23769,train,ooInji1yTZI,203.04,28.07721875,real
real_28144,train,R7yA6VA5D8w,209.124,4.21596875,real
real_12187,train,rQpEKGn5tK0,171.972,16.230968750000002,real
real_15777,train,wVWazHTunSI,220.824,53.25471875,real
real_01919,train,aEb5gNsmGJ8,240.084,12.31596875,real
real_10924,train,CPKAR5EA_O4,194.832,1.6003437500000002,real
real_23950,train,5encP8bY_V4,240.084,15.167843750000005,real
real_50487,train,Fncmh7S6PMg,240.084,5.00909375,real
real_42196,train,pj9ap3-HVzE,239.868,2.2078437500000003,real
real_12383,train,lt6PVVr4B04,217.836,33.22409375,real
real_07459,train,coYrcuB7z8U,184.356,0.03096875,real
real_47184,train,rAoQlB2uqYI,240.084,16.38284375,real
real_32026,train,pQCvaxX1QOw,61.488,0.11534375,real
real_21775,train,m3JWfGqsljU,237.492,0.03096875,real
real_34132,train,GVc-hxzjyjc,178.164,9.61596875,real
real_48920,train,fjJ1hw2F62M,189.108,39.13034375,real
real_14535,train,p-ulEVUS7qA,169.956,9.07596875,real
real_15005,train,MTfZijDp4fg,215.784,6.544718750000001,real
real_45646,train,BRvS81o89bU,233.46,39.61971875,real
real_03004,train,FY4Qa9iLdp4,163.512,12.552218750000002,real
real_47423,train,3tQn86-_H-I,240.084,0.52034375,real
real_06967,train,e_04ZrNroTo,228.708,5.70096875,real
real_47311,train,O0_6UJrBI1Q,133.56,7.574093750000001,real
real_47387,train,alMbK7Epa_8,212.184,29.71409375,real
real_19780,train,VJt19eBvULs,240.084,4.7897187500000005,real
real_50801,train,4mZZOIBD0wA,240.084,1.00971875,real
real_41531,train,Z_rqAFjpKzg,240.084,0.21659375,real
real_35951,train,AadDrvsC8l4,240.084,18.22221875,real
real_27437,train,_w6XfOmikxg,240.084,5.39721875,real
real_36134,train,5zeVyNSMZac,240.084,14.543468750000002,real
real_04531,train,Hgqp7l9s_9o,151.416,11.742218750000005,real
real_13178,train,fYzxxKir4PI,218.7,51.38159375,real
real_34416,train,vddgYdUPfWw,240.084,4.283468750000001,real
real_03404,train,PReSQYTFvcs,240.084,18.44159375,real
real_06461,train,byQIPdHMpjc,233.532,31.38471875,real
real_46217,train,IJlR1wlvRTk,204.012,14.070968750000002,real
real_50092,train,aYMgT_8FYxo,169.524,0.03096875,real
real_07750,train,oWBDJZmAOlw,240.084,4.30034375,real
real_43914,train,UX3109wOQ50,184.212,15.539093750000005,real
real_12063,train,x1a4GvQYIkM,186.948,17.15909375,real
real_47657,train,Y5nddi3Yil8,240.084,21.56346875,real
real_35280,train,_vLhEl0bGW4,188.604,10.34159375,real
real_28275,train,7UNRUcj9_vY,185.508,10.223468750000002,real
real_35132,train,0RFm-G9wjyc,175.068,64.59471875,real
real_45189,train,Ns8eigeAUYk,240.084,2.37659375,real
real_19725,train,eEyYgXsKIDM,181.98,1.66784375,real
real_00679,train,8daN5lEfHtg,199.044,19.13346875,real
real_20504,train,CFQVEGLYMN4,162.468,6.00471875,real
real_04563,train,RZekS_waLUY,230.184,1.93784375,real
real_14007,train,WFHl1L06ITM,235.116,0.03096875,real
real_16833,train,sspiWqii5vw,240.084,10.61159375,real
real_13044,train,3JPL9Z66swQ,185.22,8.704718750000001,real
real_00132,train,Pnw-Vc9vXC0,200.196,22.42409375,real
real_07196,train,5fpc_HhYM5w,203.04,9.801593750000002,real
real_33236,train,SjDp2_kelxU,188.892,8.586593750000002,real
real_13241,train,tA-zA63JDkI,240.084,107.81159375,real
real_23446,train,J2XiS6EFwPE,153.684,4.13159375,real
real_09183,train,Z4mbxaa3XL8,196.344,2.03909375,real
real_31456,train,20_rb2DNVuc,211.968,36.66659375,real
real_15779,train,pNs3HUTcXoU,195.984,0.03096875,real
real_04172,train,RqcBmbFYYhI,240.084,5.6334687500000005,real
real_28634,train,jniQfwJHKEM,220.716,0.21659375,real
real_17104,train,ulxfir0EAWo,86.94,5.0259687500000005,real
real_28382,train,Lo45KFdTYjs,160.56,20.71971875,real
real_20438,train,HEubrZV04b0,240.084,11.97846875,real
real_01929,train,784uYFncO4A,240.084,14.121593750000002,real
real_14312,train,-NNg4r4qYPw,239.724,8.09721875,real
real_45293,train,4VTOyywz-Zw,176.436,116.58659375,real
real_07408,train,SSzwm80FGsI,144.648,0.41909375,real
real_22019,train,WzNwppTq6N4,168.48,35.603468750000005,real
real_38871,train,dtcFSJ73w6U,240.084,0.45284375,real
real_36531,train,pDM_OlY6QKY,214.272,7.21971875,real
real_17641,train,MV27NJwIA2c,218.304,10.594718750000002,real
real_34765,train,M9HuxAiqXyE,197.928,11.94471875,real
real_02108,train,s1kDujTWOd4,240.084,9.49784375,real
real_04985,train,bUjFm9EnNzU,140.976,50.74034375,real
real_19145,train,Mp3dsvJumTk,240.084,40.36221875,real
real_00933,train,97JEGEOxvk8,56.7,0.03096875,real
real_27873,train,_DTnvbR5Mos,172.944,9.86909375,real
real_40499,train,YbMVS5DMxpA,240.084,45.79596875,real
real_02822,train,zkzF2GsAsog,120.636,6.17346875,real
real_10870,train,nbo4y7pUlZA,213.192,9.227843750000002,real
real_03591,train,Vyvsyf6HhrQ,240.084,2.68034375,real
real_49835,train,FHfs85wNIhA,161.28,2.46096875,real
real_16598,train,wGvfagBOHJE,210.42,6.59534375,real
real_00304,train,pRGmFiEyr0A,240.084,3.77721875,real
real_40452,train,xkN85ctuasU,240.084,0.06471875,real
real_48339,train,HQfWZyMUcHw,206.892,18.01971875,real
real_47685,train,GV5CEUPUxww,192.276,1.81971875,real
real_49801,train,a9jusN8iI8M,240.084,5.85284375,real
real_41910,train,_q-yQzJ95X0,203.94,0.6722187500000001,real
real_46348,train,3c8FgWbQFyk,240.084,15.539093750000005,real
real_29788,train,0ctGwBi7o5E,233.676,4.199093749999999,real
real_31472,train,02EtDwdJA9Q,240.084,0.03096875,real
real_17599,train,awWdMKnoH4w,217.152,0.14909375,real
real_11233,train,jOg8IblMNK4,205.596,2.17409375,real
real_08484,train,kQdSldZXkE4,240.084,48.05721875,real
real_07046,train,V4kFqy7U6NE,240.084,36.85221875,real
real_20154,train,vbjRTN3-jCg,229.14,3.00096875,real
real_25739,train,9_KpSmpPjfs,187.128,8.704718750000001,real
real_46110,train,Nnb9rCi2XPc,240.084,0.03096875,real
real_14802,train,CEIS-u208EY,240.084,21.22596875,real
real_53021,train,3vOBCl2XKac,240.084,6.494093750000001,real
real_25134,train,62aZkdQ9h88,240.084,12.754718750000002,real
real_03886,train,iZ-MfF3ZmeE,195.336,0.03096875,real
real_21631,train,_v-LJc1M50M,197.064,31.148468750000003,real
real_40562,train,qlRXzUhpa9g,218.736,6.4772187500000005,real
real_45633,train,SL4-QFTPyPI,240.084,0.7565937500000001,real
real_36676,train,rTTZr2OfExU,230.724,65.94471875,real
real_18458,train,3fv4n6kj4xA,228.096,8.56971875,real
real_31419,train,kH76AC_RBpE,240.084,52.64721875,real
real_15494,train,6xqxyp8cdn4,234.288,2.22471875,real
real_09157,train,Bfurc6KcMwk,175.464,19.85909375,real
real_38300,train,3-ZS9Xd9mVA,213.66,126.88034375,real
real_09107,train,W7nmB20qJv4,225.756,20.21346875,real
real_16300,train,e265_NvKvRQ,230.94,17.51346875,real
real_17477,train,CtbBNf_zejo,240.084,0.25034375,real
real_37500,train,azRsyGGoSc8,162.324,11.92784375,real
real_00983,train,ARZjSfappGk,237.348,15.015968750000004,real
real_14580,train,Vo6JirKKbFE,199.296,34.10159375,real
real_43530,train,fNy7bD5cW5M,236.988,157.44096875,real
real_16128,train,xZAw6egALUc,219.564,31.53659375,real
real_08706,train,d0-woNw5ga0,199.764,14.18909375,real
real_18541,train,4lNP5IB33Yk,181.116,1.90409375,real
real_42644,train,yYRIojoKzj4,230.904,8.265968750000003,real
real_09839,train,VPIN0ENtaNk,240.084,1.65096875,real
real_37157,train,DcK6NPypjg0,240.084,13.93596875,real
real_08203,train,V0o3vT49QVw,194.508,10.797218750000004,real
real_50782,train,U2mMbxngQ6A,240.084,56.61284375,real
real_17083,train,Czj7SyPNRto,220.284,38.18534375,real
real_19702,train,H_1pMc9DuUI,183.096,0.03096875,real
real_42857,train,PUqft0xtvqM,181.044,18.12096875,real
real_04011,train,AkkmFXfA3Xg,208.836,96.11721875,real
real_43451,train,y_Crzw_IMAk,240.084,36.75096875,real
real_04056,train,F161MWDg-48,215.604,4.82346875,real
real_03661,train,NuEghDO_j0o,210.384,12.332843750000002,real
real_32464,train,nUhKNj6C4kw,240.084,0.50346875,real
real_43200,train,R2LOipVpWcA,151.74,9.008468750000002,real
real_26386,train,m-JMXEzlvc0,240.084,12.602843750000002,real
real_21600,train,Nv3rV6-eKs0,203.184,11.89409375,real
real_33762,train,2eItZGcrTu4,240.084,0.77346875,real
real_06558,train,vvA1iOwnnew,139.104,4.705343750000001,real
real_09749,train,45tAKW8IFV4,236.088,39.77159375,real
real_17559,train,f9HF0DJ1cu8,223.164,7.658468750000001,real
real_22059,train,wM0Q__hBauk,204.3,34.60784375,real
real_27300,train,Dz_geihvi-c,235.62,18.34034375,real
real_08578,train,o-l2BI4pYXQ,240.084,0.03096875,real
real_04059,train,RBV3YFf76ow,101.988,0.03096875,real
real_36441,train,gC4la3pYWx8,230.796,8.232218750000001,real
real_30148,train,txS5o_D-_80,240.084,4.55346875,real
real_36801,train,jB8o7YiTV6w,168.192,25.714718750000003,real
real_27596,train,H-gXArLpxxc,240.084,22.660343750000003,real
real_19974,train,ZfiSaBxGB9E,240.084,0.21659375,real
real_00932,train,ztiiC8aXKNE,240.084,26.558468750000003,real
real_13644,train,aqP4-dUMkMc,240.084,17.817218750000002,real
real_25024,train,WF7j73i0xUA,150.732,0.28409375,real
real_46257,train,cE0v4wh3NqU,232.884,26.64284375,real
real_23372,train,gS6PnKMpnMo,210.276,12.41721875,real
real_35435,train,NVNZRU8DSrQ,237.348,52.09034375,real
real_42062,train,hfzkJZSzZxY,186.516,6.308468750000001,real
real_10764,train,iQJ7b_xfF2s,175.392,0.03096875,real
real_39118,train,BfQGmkGX_kI,163.296,7.55721875,real
real_33093,train,0rSMpAWApXA,112.536,70.95659375000001,real
real_32200,train,8HaOp1lsnfk,209.088,0.03096875,real
real_51919,train,6n8U_lgkGIY,228.276,3.79409375,real
real_16780,train,qLrnkK2YEcE,240.084,15.859718750000004,real
real_46767,train,8CyRQiOSnRo,240.084,22.45784375,real
real_07813,train,tx_DMX0VYw4,240.084,15.20159375,real
real_29045,train,d5lf4vxU0FU,190.836,13.34534375,real
real_16612,train,zHctV8ZofSs,240.084,0.19971875,real
real_31199,train,h5-JbHHcxWg,181.512,49.81221875,real
real_32533,train,NlSZ-3x4LaQ,240.084,11.286593750000002,real
real_05128,train,tpUdq8MLZ5k,196.092,38.47221875,real
real_19136,train,CZqQcSVLih4,240.084,18.54284375,real
real_47398,train,_ttaPt1z1Tc,240.084,66.21471875,real
real_36287,train,WPTdbHT8los,217.224,1.4653437500000002,real
real_38208,valid,FbE7cBb0QeY,189.144,0.33471875,real
real_40760,valid,SZy8Gx4Jk78,240.084,44.867843750000006,real
real_37740,valid,Ew9RW9yngWA,207.288,23.16659375,real
real_29709,valid,HldTTFOO76E,208.512,0.77346875,real
real_39019,valid,_1Ns8xDACXo,217.512,26.72721875,real
real_48035,valid,rcZLMtWEcF0,240.084,15.083468750000002,real
real_15150,valid,kP9RJnmniDU,240.084,25.84971875,real
real_26694,valid,QhQvXtVPqm0,240.084,8.907218750000002,real
real_50303,valid,sGqAc4CIx9w,95.112,12.77159375,real
real_43743,valid,zW5d6dO1QsY,229.644,58.367843750000006,real
real_44856,valid,9Wh-ytZKHxE,240.084,35.95784375,real
real_48789,valid,Kf3EQWQLvpw,240.084,5.228468750000001,real
real_04184,valid,tilsrO-3gcQ,240.084,40.75034375,real
real_33454,valid,D56bHAQ0AO4,212.148,21.25971875,real
real_39973,valid,UY63oVYHcDs,223.092,33.62909375,real
real_05657,valid,phPP7xJqJn4,208.116,49.13721875,real
real_01413,valid,bW92agO2NxY,222.372,0.92534375,real
real_50840,valid,aLB2PJ3JtNQ,239.472,19.53846875,real
real_46403,valid,RvpwfuFG9Ws,164.808,0.48659375,real
real_40956,valid,7AZU5ak9B7o,209.304,20.53409375,real
real_47421,valid,holi1FDpp1c,194.148,0.03096875,real
real_39675,valid,YtKz1TMcE3o,240.084,19.89284375,real
real_46013,valid,rFy_RorBm-w,240.084,14.25659375,real
real_32774,valid,pIX3fGJ-2j0,181.764,14.340968750000002,real
real_20017,valid,vPVJMCI1_s0,209.592,128.87159375000002,real
real_31421,valid,dLqJT5m2h08,225.828,0.26721875,real
real_21799,valid,XvV9p-wU4hk,240.084,0.57096875,real
real_09515,valid,e3086Ky3meg,202.104,7.810343750000001,real
real_27293,valid,RRXixWe-94w,186.048,123.97784375,real
real_44948,valid,88VJp1d84YA,240.084,28.48221875,real
real_19662,valid,3aaoyprSXxE,225.036,10.122218750000002,real
real_26504,valid,QyF_GYl53Ic,126.072,55.97159375,real
real_04679,valid,L__TrWhq4Uk,178.632,7.97909375,real
real_07803,valid,gSg-ZTcgUOQ,120.096,0.55409375,real
real_30631,valid,Wv0NGT62zdY,214.884,3.4734687500000003,real
real_48460,valid,pTOkt4Ldqh0,196.092,9.88596875,real
real_37795,valid,5Jn32rPLMM8,104.472,9.73409375,real
real_34544,valid,Q6MZNJSFEXA,146.556,28.41471875,real
real_31466,valid,zkP2LG0IQeI,175.068,94.05846875,real
real_22104,valid,Fu1T45UsGyM,185.904,38.96159375,real
real_41693,valid,UYDvGy-ZEN4,240.084,131.45346875,real
real_47107,valid,zljXBq3Ur2I,230.184,180.03659375,real
real_50077,valid,nsf2w7RhTIk,224.676,0.03096875,real
real_18833,valid,tb0ld2BKX0A,178.38,8.40096875,real
real_24761,valid,4j_fzm0XwJ4,168.048,0.43596875,real
real_17658,valid,1wYpTqRzAio,232.704,73.50471875000001,real
real_34206,valid,OQdcB37XNC0,192.528,8.552843750000001,real
real_21602,valid,oJQotv-eoBU,206.064,0.03096875,real
real_11054,valid,lezHcG2qwCA,185.724,25.44471875,real
real_50864,valid,bh7dyB7mm9Q,240.084,15.99471875,real
real_22177,valid,Qtp9rdaGDl0,158.04,0.03096875,real
real_51587,valid,R1KCjHbKM_s,109.26,8.485343750000002,real
real_37784,valid,k5Fr5yDZ2Y0,179.316,6.308468750000001,real
real_13489,valid,c_UOL1-weMc,199.08,27.65534375,real
real_05646,valid,xOvsQ54ufwY,206.172,25.03971875,real
real_20090,valid,o05EAUqoy3M,207.36,2.8997187500000003,real
real_13954,valid,SE5qF1kcDck,224.784,31.45221875,real
real_18560,valid,9DuvvnsA7jw,163.692,30.97971875,real
real_04592,valid,jRqhGC5vgC0,240.084,1.11096875,real
real_14240,valid,IzTyRVnBXXM,240.084,3.54096875,real
real_12700,valid,5ouuCLFy5ic,202.932,6.51096875,real
real_07965,valid,ojser1JnC_M,194.688,1.24596875,real
real_30999,valid,UpWT12CoqF4,154.08,67.69971875,real
real_09218,valid,B6BtczZj10M,240.084,5.042843750000001,real
real_04284,valid,29QfzY0IrC0,240.084,2.5959687500000004,real
real_18088,valid,q1qHvYFdlz0,240.084,24.21284375,real
real_44505,valid,-bFDFjaykaA,194.112,22.20471875,real
real_11537,valid,KbdCeWoEH1U,192.168,23.28471875,real
real_37961,valid,LuWY492TVB8,190.692,59.26221875,real
real_42241,valid,bnJ3ymZReGU,240.084,13.66596875,real
real_19599,valid,D7agM5nWJJI,240.084,3.25409375,real
real_46796,valid,4yOI8enfiYY,181.836,4.43534375,real
real_31116,valid,QU-RV0TjogI,217.188,0.03096875,real
real_42208,valid,xV-gpPDdmMI,175.608,3.2878437500000004,real
real_29053,valid,k5IwNLLHPvg,213.984,1.93784375,real
real_09153,valid,D93vYwuMeUw,189.432,4.806593750000001,real
real_38720,valid,qKyiT8gGEGU,175.104,2.8997187500000003,real
real_09682,valid,rVqx8JQpkGw,140.544,6.156593750000001,real
real_51463,valid,kl2fHawmZn8,240.084,2.3934687500000003,real
real_13009,valid,2kCbFmjEi6A,225.432,8.40096875,real
real_10845,valid,lZgMDIT41PE,207.972,7.69221875,real
real_51591,valid,d7L6SbS-9d4,240.084,58.11471875,real
real_51476,valid,B4YxPOjEywE,240.084,4.840343750000001,real
real_03140,valid,HWSqv-xsc5o,186.696,10.847843750000004,real
real_29424,valid,3FV2ILnnTa0,229.644,4.31721875,real
real_11150,valid,f_Wwh_JY2h0,210.528,4.620968749999999,real
real_15734,valid,76d6WSwmRg0,200.88,7.759718750000001,real
real_35505,valid,JwKYE2j1lKU,165.204,20.65221875,real
real_28143,valid,u82cmkOjdZk,209.772,0.43596875,real
real_50172,valid,jsJiqh-SfTI,200.952,2.98409375,real
real_10825,valid,U-3SYni_5v0,236.088,5.32971875,real
real_35971,valid,CKxAzvJGeyQ,175.068,64.03784375000001,real
real_24245,valid,QzMNRBL1NSQ,186.12,16.26471875,real
real_10347,valid,6N6IjW-2fb4,214.596,162.97596875000002,real
real_52681,valid,oPmY-3-wxRs,229.932,57.35534375,real
real_14567,valid,pCK2rIvarXw,195.084,0.03096875,real
real_08223,valid,6EInO2rcwcE,172.512,1.76909375,real
real_37307,valid,JcfD2N649aA,184.572,6.32534375,real
real_42992,valid,dLXnu4eMRdA,240.084,41.914718750000006,real
real_37701,valid,dcYlytyuKsc,240.084,0.03096875,real
real_16898,valid,h3nKChbgaO8,240.084,25.39409375,real
real_35673,valid,RlNIr8EYACk,240.084,15.606593750000002,real
real_28238,valid,h0-3gQKk74E,213.984,13.98659375,real
real_11071,valid,-B57lnGcMpY,240.084,158.43659375,real
real_16858,valid,rUZhgXl12DU,204.228,13.598468750000002,real
real_26268,valid,bu3ruL8WJgc,137.412,38.03346875,real
real_48118,valid,0t5cjZ-1WO8,206.568,2.91659375,real
real_36747,valid,edVNQbMnVN4,240.084,0.03096875,real
real_42188,valid,Mqjkw_pO6Lg,239.724,2.41034375,real
real_37802,valid,IHZE-5LOFJI,240.084,90.68346875,real
real_32328,valid,qMAbJtVrDsk,216.828,30.79409375,real
real_11752,valid,_lKVfZ0RthQ,220.608,1.61721875,real
real_20372,valid,t2PrDHiuV7s,240.084,0.36846875,real
real_49006,valid,7n8WYYbBm9Q,197.208,6.61221875,real
real_49467,valid,jq8l1xfwewQ,148.824,10.915343750000002,real
real_51610,valid,eGEbNIwfqDs,240.084,23.504093750000003,real
real_31492,valid,UEf_OoHPY24,180.288,5.599718750000001,real
real_49499,valid,fakia5udFQU,210.456,5.27909375,real
real_41785,valid,-gICMYHMyDs,184.212,32.26221875,real
real_52802,valid,1JB1CIzSOBk,207.972,5.127218750000001,real
real_38193,valid,puGNG5_u9PQ,209.304,0.03096875,real
real_21774,valid,jUv6Srdg4aY,240.084,47.88846875,real
real_02886,valid,gVPNSbEHKQk,240.084,33.10596875,real
real_16544,valid,hWxmUgmEnok,240.084,16.56846875,real
real_47201,valid,ng-YARZMXqg,161.244,81.25034375,real
real_36970,valid,VzCJHMExs9c,207.036,47.44971875,real
real_52968,valid,omEs9E4kaKs,230.328,2.8153437500000003,real
real_21651,valid,OxLq8n9CDuU,212.292,32.26221875,real
real_23939,valid,9WMh15HEsyk,192.312,11.94471875,real
real_08606,valid,5hYi350ap_M,132.012,7.810343750000001,real
