filename,split,source,label,duration
fake_00539_suno_1,train,suno,fake,178.704
fake_02342_suno_1,train,suno,fake,188.856
fake_03323_udio_1,train,udio,fake,131.22
fake_04209_suno_1,train,suno,fake,240.084
fake_00968_udio_1,train,udio,fake,131.22
fake_04969_suno_0,train,suno,fake,176.292
fake_02582_udio_0,train,udio,fake,131.22
fake_01943_udio_1,train,udio,fake,131.22
fake_04863_suno_1,train,suno,fake,187.344
fake_04169_suno_0,train,suno,fake,213.984
fake_05193_suno_0,train,suno,fake,239.076
fake_03583_suno_0,train,suno,fake,239.112
fake_03457_udio_1,train,udio,fake,131.22
fake_03595_suno_1,train,suno,fake,210.096
fake_05283_udio_0,train,udio,fake,131.22
fake_03386_suno_1,train,suno,fake,240.084
fake_04886_suno_0,train,suno,fake,239.112
fake_04280_udio_1,train,udio,fake,131.22
fake_03302_udio_0,train,udio,fake,131.22
fake_02484_udio_1,train,udio,fake,131.22
fake_05156_udio_0,train,udio,fake,131.22
fake_04530_suno_0,train,suno,fake,148.104
fake_01576_udio_1,train,udio,fake,131.22
fake_01503_suno_0,train,suno,fake,239.328
fake_01156_udio_1,train,udio,fake,131.22
fake_01545_suno_0,train,suno,fake,188.352
fake_02429_suno_0,train,suno,fake,239.076
fake_02843_suno_1,train,suno,fake,171.684
fake_04843_udio_1,train,udio,fake,131.22
fake_04390_udio_1,train,udio,fake,131.22
fake_04735_udio_0,train,udio,fake,131.22
fake_04857_suno_1,train,suno,fake,168.084
fake_04052_udio_1,train,udio,fake,131.22
fake_02955_udio_0,train,udio,fake,131.22
fake_04427_suno_1,train,suno,fake,152.1
fake_01291_suno_0,train,suno,fake,173.664
fake_01867_udio_0,train,udio,fake,131.22
fake_03975_suno_0,train,suno,fake,192.78
fake_04981_udio_0,train,udio,fake,131.22
fake_00018_suno_0,train,suno,fake,194.4
fake_01315_udio_0,train,udio,fake,131.22
fake_05233_udio_0,train,udio,fake,131.22
fake_00539_suno_0,train,suno,fake,203.58
fake_04813_udio_1,train,udio,fake,131.22
fake_00334_suno_1,train,suno,fake,224.64
fake_02868_suno_1,train,suno,fake,188.424
fake_03644_suno_0,train,suno,fake,156.744
fake_01064_udio_0,train,udio,fake,131.22
fake_02787_udio_1,train,udio,fake,131.22
fake_00629_udio_0,train,udio,fake,131.22
fake_02364_suno_0,train,suno,fake,239.112
fake_02972_udio_0,train,udio,fake,131.22
fake_05352_suno_1,train,suno,fake,181.44
fake_05003_suno_0,train,suno,fake,239.076
fake_00018_suno_1,train,suno,fake,240.084
fake_03160_udio_0,train,udio,fake,131.22
fake_01742_suno_0,train,suno,fake,171.396
fake_02008_udio_0,train,udio,fake,131.22
fake_04480_udio_0,train,udio,fake,131.22
fake_04457_suno_1,train,suno,fake,231.084
fake_04273_suno_1,train,suno,fake,240.084
fake_00658_suno_0,train,suno,fake,239.112
fake_04682_suno_0,train,suno,fake,163.656
fake_03301_udio_0,train,udio,fake,131.22
fake_00813_suno_1,train,suno,fake,163.872
fake_02842_suno_1,train,suno,fake,195.084
fake_03981_suno_0,train,suno,fake,209.016
fake_01216_suno_0,train,suno,fake,196.956
fake_01312_suno_0,train,suno,fake,239.112
fake_03019_udio_1,train,udio,fake,131.22
fake_00286_udio_1,train,udio,fake,131.22
fake_04395_suno_0,train,suno,fake,177.768
fake_03977_suno_1,train,suno,fake,240.084
fake_01940_suno_0,train,suno,fake,239.076
fake_03783_suno_0,train,suno,fake,199.08
fake_05418_udio_0,train,udio,fake,131.22
fake_04352_udio_1,train,udio,fake,131.22
fake_01685_udio_0,train,udio,fake,131.22
fake_03795_udio_0,train,udio,fake,131.22
fake_03816_suno_1,train,suno,fake,192.096
fake_03804_suno_0,train,suno,fake,240.084
fake_02253_udio_0,train,udio,fake,131.22
fake_00865_udio_0,train,udio,fake,131.22
fake_03483_suno_1,train,suno,fake,190.476
fake_03114_suno_1,train,suno,fake,240.084
fake_00759_suno_1,train,suno,fake,173.7
fake_04637_udio_0,train,udio,fake,131.22
fake_02777_suno_0,train,suno,fake,217.224
fake_00660_suno_1,train,suno,fake,197.1
fake_00621_suno_0,train,suno,fake,226.368
fake_03424_udio_0,train,udio,fake,131.22
fake_04146_udio_0,train,udio,fake,131.22
fake_04897_udio_1,train,udio,fake,131.22
fake_04857_suno_0,train,suno,fake,166.104
fake_05364_suno_1,train,suno,fake,205.092
fake_03563_udio_0,train,udio,fake,131.22
fake_00642_udio_0,train,udio,fake,131.22
fake_04360_udio_0,train,udio,fake,131.22
fake_03176_udio_0,train,udio,fake,131.22
fake_03072_suno_1,train,suno,fake,190.044
fake_00876_suno_1,train,suno,fake,212.976
fake_04981_udio_1,train,udio,fake,131.22
fake_02709_suno_0,train,suno,fake,173.556
fake_02858_udio_1,train,udio,fake,131.22
fake_02748_suno_0,train,suno,fake,239.076
fake_05280_udio_1,train,udio,fake,131.22
fake_00645_suno_0,train,suno,fake,180.756
fake_04964_suno_0,train,suno,fake,171.072
fake_02624_udio_1,train,udio,fake,131.22
fake_05390_udio_1,train,udio,fake,131.22
fake_00007_suno_0,train,suno,fake,159.084
fake_02240_udio_0,train,udio,fake,131.22
fake_04601_suno_1,train,suno,fake,148.68
fake_02528_suno_1,train,suno,fake,239.076
fake_04962_suno_0,train,suno,fake,240.084
fake_03581_udio_0,train,udio,fake,131.22
fake_03616_udio_0,train,udio,fake,131.22
fake_03490_udio_1,train,udio,fake,131.22
fake_00100_suno_0,train,suno,fake,161.676
fake_01138_udio_0,train,udio,fake,131.22
fake_00093_suno_0,train,suno,fake,240.084
fake_02501_suno_1,train,suno,fake,239.112
fake_02185_udio_0,train,udio,fake,131.22
fake_01854_suno_1,train,suno,fake,169.092
fake_04205_udio_0,train,udio,fake,131.22
fake_02518_udio_0,train,udio,fake,131.22
fake_02188_suno_1,train,suno,fake,239.112
fake_03252_suno_1,train,suno,fake,240.084
fake_02861_suno_1,train,suno,fake,198.72
fake_05104_suno_0,train,suno,fake,239.472
fake_04554_suno_0,train,suno,fake,197.964
fake_02624_udio_0,train,udio,fake,131.22
fake_01607_suno_1,train,suno,fake,162.144
fake_04640_udio_1,train,udio,fake,131.22
fake_05170_suno_0,train,suno,fake,216.36
fake_03340_udio_0,train,udio,fake,131.22
fake_00049_suno_0,train,suno,fake,208.08
fake_03901_udio_0,train,udio,fake,131.22
fake_04610_udio_0,train,udio,fake,131.22
fake_01317_udio_1,train,udio,fake,131.22
fake_03927_suno_0,train,suno,fake,183.06
fake_04216_udio_0,train,udio,fake,131.22
fake_00814_suno_0,train,suno,fake,120.204
fake_02981_suno_0,train,suno,fake,227.772
fake_05188_suno_0,train,suno,fake,174.996
fake_01931_suno_1,train,suno,fake,240.084
fake_01595_suno_1,train,suno,fake,203.976
fake_03285_suno_0,train,suno,fake,151.092
fake_01639_suno_0,train,suno,fake,162.432
fake_03227_udio_0,train,udio,fake,131.22
fake_03170_udio_0,train,udio,fake,131.22
fake_00154_suno_1,train,suno,fake,239.076
fake_01374_suno_1,train,suno,fake,240.084
fake_03144_udio_1,train,udio,fake,131.22
fake_00190_udio_1,train,udio,fake,131.22
fake_03087_suno_0,train,suno,fake,233.28
fake_03301_udio_1,train,udio,fake,131.22
fake_03496_suno_0,train,suno,fake,208.836
fake_01508_udio_0,train,udio,fake,131.22
fake_00957_udio_1,train,udio,fake,131.22
fake_03046_udio_1,train,udio,fake,131.22
fake_01789_udio_0,train,udio,fake,131.22
fake_00057_suno_0,train,suno,fake,239.184
fake_00828_udio_0,train,udio,fake,131.22
fake_05241_suno_0,train,suno,fake,239.076
fake_05055_udio_0,train,udio,fake,131.22
fake_00423_udio_0,train,udio,fake,131.22
fake_04758_suno_1,train,suno,fake,213.084
fake_00976_udio_1,train,udio,fake,131.22
fake_04451_suno_0,train,suno,fake,182.916
fake_04033_udio_1,train,udio,fake,131.22
fake_02316_suno_0,train,suno,fake,239.112
fake_04331_suno_1,train,suno,fake,240.084
fake_00865_udio_1,train,udio,fake,131.22
fake_00704_suno_1,train,suno,fake,230.076
fake_04158_suno_1,train,suno,fake,184.824
fake_04802_udio_1,train,udio,fake,131.22
fake_04338_suno_0,train,suno,fake,240.084
fake_01515_udio_0,train,udio,fake,131.22
fake_04221_suno_0,train,suno,fake,239.184
fake_04965_udio_0,train,udio,fake,131.22
fake_04749_suno_1,train,suno,fake,179.604
fake_02566_suno_0,train,suno,fake,190.764
fake_04368_udio_0,train,udio,fake,131.22
fake_01562_udio_1,train,udio,fake,131.22
fake_02067_suno_0,train,suno,fake,206.46
fake_03224_udio_1,train,udio,fake,131.22
fake_03531_suno_1,train,suno,fake,240.084
fake_01691_suno_1,train,suno,fake,219.6
fake_04172_udio_0,train,udio,fake,131.22
fake_01551_suno_0,train,suno,fake,199.08
fake_03039_suno_0,train,suno,fake,181.368
fake_02003_udio_1,train,udio,fake,131.22
fake_03591_suno_0,train,suno,fake,240.084
fake_05117_suno_1,train,suno,fake,240.084
fake_03157_suno_0,train,suno,fake,239.076
fake_00719_suno_0,train,suno,fake,139.356
fake_04714_suno_1,train,suno,fake,152.568
fake_03831_udio_1,train,udio,fake,131.22
fake_01867_udio_1,train,udio,fake,131.22
fake_00841_udio_1,train,udio,fake,131.22
fake_00315_suno_1,train,suno,fake,148.104
fake_02581_udio_0,train,udio,fake,131.22
fake_01376_udio_1,train,udio,fake,131.22
fake_01050_suno_0,train,suno,fake,213.804
fake_01521_suno_1,train,suno,fake,190.08
fake_03044_suno_1,train,suno,fake,192.78
fake_04433_suno_1,train,suno,fake,227.376
fake_01337_suno_0,train,suno,fake,239.076
fake_01296_udio_1,train,udio,fake,131.22
fake_03770_suno_1,train,suno,fake,196.488
fake_02774_suno_1,train,suno,fake,240.084
fake_04445_suno_1,train,suno,fake,239.076
fake_04914_udio_0,train,udio,fake,131.22
fake_05210_udio_1,train,udio,fake,131.22
fake_02548_suno_0,train,suno,fake,154.62
fake_05150_udio_1,train,udio,fake,131.22
fake_04353_suno_1,train,suno,fake,240.084
fake_01649_suno_1,train,suno,fake,141.084
fake_05380_suno_1,train,suno,fake,239.076
fake_04418_suno_0,train,suno,fake,239.04
fake_05308_udio_0,train,udio,fake,131.22
fake_05242_suno_0,train,suno,fake,229.572
fake_02853_udio_1,train,udio,fake,131.22
fake_04571_suno_0,train,suno,fake,239.184
fake_01165_suno_0,train,suno,fake,239.076
fake_00856_suno_1,train,suno,fake,160.884
fake_03112_suno_1,train,suno,fake,157.68
fake_05323_suno_0,train,suno,fake,239.076
fake_04025_suno_0,train,suno,fake,233.964
fake_03388_udio_1,train,udio,fake,131.22
fake_05056_suno_1,train,suno,fake,239.112
fake_03417_suno_0,train,suno,fake,149.976
fake_05201_udio_0,train,udio,fake,131.22
fake_04466_suno_0,train,suno,fake,240.084
fake_01645_udio_0,train,udio,fake,131.22
fake_00316_udio_0,train,udio,fake,131.22
fake_04580_suno_1,train,suno,fake,239.112
fake_00130_udio_0,train,udio,fake,131.22
fake_04738_suno_0,train,suno,fake,188.676
fake_04146_udio_1,train,udio,fake,131.22
fake_01322_suno_1,train,suno,fake,208.836
fake_03014_suno_0,train,suno,fake,128.088
fake_01353_suno_0,train,suno,fake,240.084
fake_03368_suno_0,train,suno,fake,239.112
fake_02067_suno_1,train,suno,fake,158.076
fake_04689_suno_1,train,suno,fake,163.08
fake_00943_udio_1,train,udio,fake,131.22
fake_00025_suno_0,train,suno,fake,224.064
fake_05037_suno_1,train,suno,fake,185.256
fake_01826_suno_0,train,suno,fake,239.112
fake_04280_udio_0,train,udio,fake,131.22
fake_04428_suno_0,train,suno,fake,240.084
fake_04924_suno_0,train,suno,fake,240.084
fake_03507_suno_0,train,suno,fake,213.084
fake_04521_suno_1,train,suno,fake,239.184
fake_02737_udio_0,train,udio,fake,131.22
fake_04450_udio_0,train,udio,fake,131.22
fake_03897_suno_1,train,suno,fake,217.26
fake_05017_udio_0,train,udio,fake,131.22
fake_05325_udio_0,train,udio,fake,131.22
fake_04125_suno_0,train,suno,fake,210.096
fake_03704_suno_0,train,suno,fake,218.592
fake_01332_suno_1,train,suno,fake,240.084
fake_00747_suno_1,train,suno,fake,205.848
fake_00605_udio_0,train,udio,fake,131.22
fake_04613_suno_1,train,suno,fake,239.076
fake_03469_udio_1,train,udio,fake,131.22
fake_05170_suno_1,train,suno,fake,159.084
fake_03900_udio_0,train,udio,fake,131.22
fake_03223_udio_1,train,udio,fake,131.22
fake_01171_udio_1,train,udio,fake,131.22
fake_03951_udio_1,train,udio,fake,131.22
fake_05116_suno_1,train,suno,fake,239.184
fake_01182_suno_0,train,suno,fake,237.384
fake_00546_suno_0,train,suno,fake,239.112
fake_02346_suno_1,train,suno,fake,186.372
fake_04294_udio_1,train,udio,fake,131.22
fake_00656_suno_0,train,suno,fake,173.088
fake_02193_udio_1,train,udio,fake,131.22
fake_05117_suno_0,train,suno,fake,239.076
fake_03874_udio_0,train,udio,fake,131.22
fake_00344_suno_1,train,suno,fake,190.08
fake_02725_udio_0,train,udio,fake,131.22
fake_00757_udio_0,train,udio,fake,131.22
fake_04876_suno_0,train,suno,fake,201.816
fake_03189_suno_1,train,suno,fake,239.076
fake_04811_suno_0,train,suno,fake,190.08
fake_02693_udio_1,train,udio,fake,131.22
fake_03736_suno_0,train,suno,fake,240.084
fake_01027_udio_1,train,udio,fake,131.22
fake_01889_suno_0,train,suno,fake,185.652
fake_03127_udio_0,train,udio,fake,131.22
fake_00194_udio_1,train,udio,fake,131.22
fake_00566_suno_0,train,suno,fake,240.084
fake_03041_udio_0,train,udio,fake,131.22
fake_05424_suno_1,train,suno,fake,168.084
fake_00070_suno_1,train,suno,fake,240.084
fake_01666_udio_1,train,udio,fake,131.22
fake_00989_udio_1,train,udio,fake,131.22
fake_02184_suno_0,train,suno,fake,117.792
fake_04216_udio_1,train,udio,fake,131.22
fake_01165_suno_1,train,suno,fake,239.076
fake_05136_udio_1,train,udio,fake,131.22
fake_00790_suno_0,train,suno,fake,204.336
fake_03197_udio_0,train,udio,fake,131.22
fake_01408_udio_1,train,udio,fake,131.22
fake_04718_udio_0,train,udio,fake,131.22
fake_00102_suno_0,train,suno,fake,213.624
fake_02661_udio_1,train,udio,fake,131.22
fake_04778_suno_1,train,suno,fake,185.904
fake_01025_suno_1,train,suno,fake,218.88
fake_03830_suno_1,train,suno,fake,203.076
fake_05009_udio_0,train,udio,fake,131.22
fake_00623_suno_0,train,suno,fake,180.072
fake_01129_udio_1,train,udio,fake,131.22
fake_00299_udio_0,train,udio,fake,131.22
fake_04693_udio_1,train,udio,fake,131.22
fake_01283_udio_1,train,udio,fake,131.22
fake_00271_udio_1,train,udio,fake,131.22
fake_00433_suno_0,train,suno,fake,161.424
fake_02201_suno_0,train,suno,fake,239.076
fake_05204_suno_0,train,suno,fake,214.092
fake_00115_udio_0,train,udio,fake,131.22
fake_01695_suno_0,train,suno,fake,122.58
fake_04259_suno_0,train,suno,fake,184.104
fake_05230_udio_0,train,udio,fake,131.22
fake_01975_suno_1,train,suno,fake,239.112
fake_03423_suno_1,train,suno,fake,226.08
fake_04749_suno_0,train,suno,fake,164.052
fake_03751_suno_0,train,suno,fake,195.084
fake_00268_udio_1,train,udio,fake,131.22
fake_04656_suno_1,train,suno,fake,111.672
fake_02970_suno_1,train,suno,fake,239.076
fake_03226_suno_0,train,suno,fake,179.568
fake_04673_suno_1,train,suno,fake,170.1
fake_00125_udio_0,train,udio,fake,131.22
fake_05185_suno_0,train,suno,fake,240.084
fake_01781_suno_1,train,suno,fake,164.448
fake_01540_suno_1,train,suno,fake,209.664
fake_01332_suno_0,train,suno,fake,240.084
fake_02669_udio_0,train,udio,fake,131.22
fake_00785_udio_1,train,udio,fake,131.22
fake_02209_suno_1,train,suno,fake,239.112
fake_04328_suno_0,train,suno,fake,239.076
fake_04674_suno_1,train,suno,fake,175.5
fake_02008_udio_1,train,udio,fake,131.22
fake_03891_suno_0,train,suno,fake,239.184
fake_01242_udio_1,train,udio,fake,131.22
fake_01515_udio_1,train,udio,fake,131.22
fake_01658_udio_1,train,udio,fake,131.22
fake_04774_suno_1,train,suno,fake,170.1
fake_00861_suno_1,train,suno,fake,180.54
fake_04017_suno_0,train,suno,fake,190.476
fake_04432_suno_0,train,suno,fake,239.076
fake_00251_udio_0,train,udio,fake,131.22
fake_02789_udio_0,train,udio,fake,131.22
fake_01913_udio_0,train,udio,fake,131.22
fake_00273_udio_0,train,udio,fake,131.22
fake_00936_udio_0,train,udio,fake,131.22
fake_01316_suno_0,train,suno,fake,239.112
fake_04582_udio_1,train,udio,fake,131.22
fake_00712_udio_0,train,udio,fake,131.22
fake_01907_udio_1,train,udio,fake,131.22
fake_00387_suno_1,train,suno,fake,204.012
fake_04581_suno_0,train,suno,fake,236.952
fake_01975_suno_0,train,suno,fake,239.076
fake_04480_udio_1,train,udio,fake,131.22
fake_05193_suno_1,train,suno,fake,240.084
fake_01752_suno_0,train,suno,fake,197.28
fake_02317_suno_0,train,suno,fake,173.664
fake_01124_udio_0,train,udio,fake,131.22
fake_04673_suno_0,train,suno,fake,189.9
fake_05414_udio_0,train,udio,fake,131.22
fake_02385_suno_1,train,suno,fake,239.112
fake_03630_suno_1,train,suno,fake,202.536
fake_01112_suno_1,train,suno,fake,196.092
fake_01029_suno_0,train,suno,fake,206.568
fake_04341_udio_1,train,udio,fake,131.22
fake_04393_suno_0,train,suno,fake,211.5
fake_00900_udio_0,train,udio,fake,131.22
fake_03853_udio_0,train,udio,fake,131.22
fake_03278_udio_0,train,udio,fake,131.22
fake_01338_suno_1,train,suno,fake,98.928
fake_02012_suno_1,train,suno,fake,240.084
fake_02853_udio_0,train,udio,fake,131.22
fake_00446_udio_0,train,udio,fake,131.22
fake_00443_suno_0,train,suno,fake,169.056
fake_04348_udio_0,train,udio,fake,131.22
fake_04103_suno_0,train,suno,fake,174.96
fake_05141_suno_0,train,suno,fake,146.088
fake_03705_suno_0,train,suno,fake,200.916
fake_04810_suno_0,train,suno,fake,214.416
fake_05155_suno_0,train,suno,fake,239.112
fake_04915_suno_1,train,suno,fake,239.112
fake_02866_udio_0,train,udio,fake,131.22
fake_05432_udio_0,train,udio,fake,131.22
fake_03810_udio_1,train,udio,fake,131.22
fake_02017_suno_1,train,suno,fake,196.92
fake_04511_suno_1,train,suno,fake,239.112
fake_00553_suno_0,train,suno,fake,103.896
fake_00521_udio_1,train,udio,fake,131.22
fake_03671_udio_1,train,udio,fake,131.22
fake_03306_udio_0,train,udio,fake,131.22
fake_05011_udio_1,train,udio,fake,131.22
fake_03286_udio_0,train,udio,fake,131.22
fake_03430_suno_0,train,suno,fake,174.384
fake_04013_udio_0,train,udio,fake,131.22
fake_02703_udio_0,train,udio,fake,131.22
fake_00647_udio_0,train,udio,fake,131.22
fake_03425_udio_1,train,udio,fake,131.22
fake_05116_suno_0,train,suno,fake,218.088
fake_00082_suno_1,train,suno,fake,239.076
fake_02175_udio_0,train,udio,fake,131.22
fake_00873_udio_0,train,udio,fake,131.22
fake_00774_udio_1,train,udio,fake,131.22
fake_00676_udio_0,train,udio,fake,131.22
fake_05267_suno_0,train,suno,fake,239.076
fake_03344_suno_1,train,suno,fake,239.112
fake_05187_suno_1,train,suno,fake,143.892
fake_01423_suno_1,train,suno,fake,239.076
fake_03653_udio_1,train,udio,fake,131.22
fake_05345_suno_1,train,suno,fake,239.112
fake_05215_suno_0,train,suno,fake,196.956
fake_02587_suno_1,train,suno,fake,191.916
fake_01740_udio_1,train,udio,fake,131.22
fake_03163_udio_1,train,udio,fake,131.22
fake_04737_udio_0,train,udio,fake,131.22
fake_04119_udio_0,train,udio,fake,131.22
fake_04739_udio_0,train,udio,fake,131.22
fake_05001_udio_0,train,udio,fake,131.22
fake_00145_udio_1,train,udio,fake,131.22
fake_04976_suno_1,train,suno,fake,202.896
fake_00082_suno_0,train,suno,fake,209.736
fake_00557_suno_1,train,suno,fake,240.084
fake_00281_udio_0,train,udio,fake,131.22
fake_03251_udio_0,train,udio,fake,131.22
fake_01770_suno_0,train,suno,fake,240.084
fake_02237_udio_0,train,udio,fake,131.22
fake_00867_suno_1,train,suno,fake,240.084
fake_04090_suno_1,train,suno,fake,209.556
fake_02173_suno_1,train,suno,fake,194.616
fake_04328_suno_1,train,suno,fake,239.076
fake_05192_suno_0,train,suno,fake,154.08
fake_01303_suno_1,train,suno,fake,239.076
fake_01296_udio_0,train,udio,fake,131.22
fake_01260_udio_1,train,udio,fake,131.22
fake_00437_suno_0,train,suno,fake,240.084
fake_02274_suno_0,train,suno,fake,165.42
fake_03594_udio_1,train,udio,fake,131.22
fake_04605_suno_0,train,suno,fake,239.076
fake_04513_suno_0,train,suno,fake,228.852
fake_00164_udio_1,train,udio,fake,131.22
fake_00211_suno_1,train,suno,fake,239.076
fake_05052_suno_1,train,suno,fake,142.092
fake_03030_udio_1,train,udio,fake,131.22
fake_03313_suno_1,train,suno,fake,147.024
fake_00317_udio_1,train,udio,fake,131.22
fake_05273_udio_1,train,udio,fake,131.22
fake_03385_suno_0,train,suno,fake,164.448
fake_04792_udio_0,train,udio,fake,131.22
fake_03007_udio_0,train,udio,fake,131.22
fake_04234_udio_0,train,udio,fake,131.22
fake_03058_suno_0,train,suno,fake,239.076
fake_01835_udio_1,train,udio,fake,131.22
fake_03689_suno_0,train,suno,fake,137.664
fake_03675_udio_0,train,udio,fake,131.22
fake_00713_suno_1,train,suno,fake,233.712
fake_03851_suno_1,train,suno,fake,183.564
fake_03322_udio_1,train,udio,fake,131.22
fake_02631_udio_1,train,udio,fake,131.22
fake_03750_suno_1,train,suno,fake,171.54
fake_00213_suno_0,train,suno,fake,184.932
fake_04114_udio_1,train,udio,fake,131.22
fake_02725_udio_1,train,udio,fake,131.22
fake_03904_udio_0,train,udio,fake,131.22
fake_00933_udio_0,train,udio,fake,131.22
fake_01691_suno_0,train,suno,fake,240.084
fake_02045_suno_1,train,suno,fake,165.096
fake_04932_suno_0,train,suno,fake,239.112
fake_01189_suno_0,train,suno,fake,155.016
fake_02417_suno_1,train,suno,fake,239.076
fake_01014_udio_1,train,udio,fake,131.22
fake_04762_udio_0,train,udio,fake,131.22
fake_00704_suno_0,train,suno,fake,134.46
fake_02991_suno_1,train,suno,fake,173.052
fake_00728_suno_1,train,suno,fake,196.416
fake_00075_udio_0,train,udio,fake,131.22
fake_00535_udio_0,train,udio,fake,131.22
fake_00568_udio_0,train,udio,fake,131.22
fake_00048_udio_1,train,udio,fake,131.22
fake_01976_udio_1,train,udio,fake,131.22
fake_01752_suno_1,train,suno,fake,161.964
fake_04782_suno_1,train,suno,fake,240.084
fake_00330_udio_0,train,udio,fake,131.22
fake_04644_udio_1,train,udio,fake,131.22
fake_03338_suno_1,train,suno,fake,192.78
fake_02986_suno_1,train,suno,fake,134.1
fake_03716_suno_1,train,suno,fake,203.616
fake_00155_udio_1,train,udio,fake,131.22
fake_01590_udio_1,train,udio,fake,131.22
fake_00979_udio_1,train,udio,fake,131.22
fake_02533_udio_0,train,udio,fake,131.22
fake_02148_suno_1,train,suno,fake,240.084
fake_00104_suno_1,train,suno,fake,186.732
fake_00346_suno_1,train,suno,fake,170.1
fake_02322_udio_1,train,udio,fake,131.22
fake_03423_suno_0,train,suno,fake,232.812
fake_01800_udio_0,train,udio,fake,131.22
fake_00829_udio_0,train,udio,fake,131.22
fake_03280_suno_1,train,suno,fake,209.772
fake_01445_udio_0,train,udio,fake,131.22
fake_00600_udio_0,train,udio,fake,131.22
fake_04128_udio_0,train,udio,fake,131.22
fake_04929_suno_1,train,suno,fake,239.076
fake_02742_udio_1,train,udio,fake,131.22
fake_05371_udio_0,train,udio,fake,131.22
fake_02636_suno_1,train,suno,fake,233.1
fake_03082_suno_0,train,suno,fake,221.4
fake_01336_suno_1,train,suno,fake,207.936
fake_03888_suno_1,train,suno,fake,173.88
fake_00789_suno_1,train,suno,fake,169.812
fake_00036_suno_0,train,suno,fake,172.08
fake_02939_suno_0,train,suno,fake,151.56
fake_05035_suno_1,train,suno,fake,211.68
fake_02024_suno_0,train,suno,fake,239.076
fake_05385_udio_0,train,udio,fake,131.22
fake_00042_udio_0,train,udio,fake,131.22
fake_01276_suno_1,train,suno,fake,224.1
fake_00466_suno_1,train,suno,fake,240.084
fake_04255_suno_0,train,suno,fake,240.084
fake_01833_suno_0,train,suno,fake,58.824
fake_05329_udio_1,train,udio,fake,131.22
fake_02331_suno_0,train,suno,fake,151.092
fake_04554_suno_1,train,suno,fake,179.964
fake_01830_udio_0,train,udio,fake,131.22
fake_05007_suno_1,train,suno,fake,239.112
fake_04403_udio_1,train,udio,fake,131.22
fake_02117_suno_0,train,suno,fake,240.084
fake_02060_udio_1,train,udio,fake,131.22
fake_05140_suno_1,train,suno,fake,181.044
fake_04867_suno_0,train,suno,fake,184.032
fake_00079_suno_1,train,suno,fake,147.78
fake_00862_suno_1,train,suno,fake,192.564
fake_01929_udio_1,train,udio,fake,131.22
fake_02651_udio_0,train,udio,fake,131.22
fake_03204_udio_0,train,udio,fake,131.22
fake_02463_suno_1,train,suno,fake,240.084
fake_03215_udio_0,train,udio,fake,131.22
fake_01164_udio_1,train,udio,fake,131.22
fake_02639_suno_1,train,suno,fake,159.084
fake_03404_udio_1,train,udio,fake,131.22
fake_02191_udio_1,train,udio,fake,131.22
fake_01193_udio_0,train,udio,fake,131.22
fake_03317_udio_1,train,udio,fake,131.22
fake_01631_udio_0,train,udio,fake,131.22
fake_05208_udio_0,train,udio,fake,131.22
fake_02017_suno_0,train,suno,fake,110.736
fake_00266_udio_0,train,udio,fake,131.22
fake_04547_suno_1,train,suno,fake,194.076
fake_00666_suno_1,train,suno,fake,239.076
fake_04588_udio_1,train,udio,fake,131.22
fake_05054_udio_1,train,udio,fake,131.22
fake_03804_suno_1,train,suno,fake,202.86
fake_01573_udio_0,train,udio,fake,131.22
fake_01674_suno_0,train,suno,fake,215.1
fake_03936_udio_1,train,udio,fake,131.22
fake_01005_suno_1,train,suno,fake,198.756
fake_04033_udio_0,train,udio,fake,131.22
fake_03784_udio_1,train,udio,fake,131.22
fake_04860_suno_1,train,suno,fake,240.084
fake_03517_suno_1,train,suno,fake,237.456
fake_04531_udio_0,train,udio,fake,131.22
fake_04116_udio_1,train,udio,fake,131.22
fake_01531_udio_1,train,udio,fake,131.22
fake_03998_udio_1,train,udio,fake,131.22
fake_04537_udio_0,train,udio,fake,131.22
fake_01232_suno_0,train,suno,fake,107.928
fake_05074_udio_0,train,udio,fake,131.22
fake_01096_suno_0,train,suno,fake,239.184
fake_02107_udio_1,train,udio,fake,131.22
fake_02283_suno_0,train,suno,fake,219.924
fake_00413_udio_1,train,udio,fake,131.22
fake_04086_udio_0,train,udio,fake,131.22
fake_04934_udio_0,train,udio,fake,131.22
fake_03759_udio_1,train,udio,fake,131.22
fake_00853_udio_1,train,udio,fake,131.22
fake_02460_udio_1,train,udio,fake,131.22
fake_02734_udio_0,train,udio,fake,131.22
fake_01094_udio_1,train,udio,fake,131.22
fake_01005_suno_0,train,suno,fake,155.088
fake_01801_suno_0,train,suno,fake,180.072
fake_00359_suno_1,train,suno,fake,239.076
fake_04399_suno_1,train,suno,fake,161.1
fake_04233_udio_1,train,udio,fake,131.22
fake_03248_udio_0,train,udio,fake,131.22
fake_04410_udio_0,train,udio,fake,131.22
fake_00523_udio_0,train,udio,fake,131.22
fake_04575_suno_0,train,suno,fake,184.968
fake_04101_udio_0,train,udio,fake,131.22
fake_00910_udio_1,train,udio,fake,131.22
fake_03739_suno_1,train,suno,fake,239.076
fake_04127_udio_1,train,udio,fake,131.22
fake_03461_udio_1,train,udio,fake,131.22
fake_05342_udio_1,train,udio,fake,131.22
fake_05037_suno_0,train,suno,fake,240.084
fake_00821_suno_1,train,suno,fake,239.112
fake_03323_udio_0,train,udio,fake,131.22
fake_04494_suno_1,train,suno,fake,145.692
fake_00425_suno_1,train,suno,fake,232.848
fake_00910_udio_0,train,udio,fake,131.22
fake_02582_udio_1,train,udio,fake,131.22
fake_04397_suno_0,train,suno,fake,153.036
fake_04871_udio_0,train,udio,fake,131.22
fake_00374_suno_1,train,suno,fake,189.432
fake_00520_suno_1,train,suno,fake,170.1
fake_03066_suno_1,train,suno,fake,135.252
fake_05104_suno_1,train,suno,fake,158.796
fake_04997_suno_1,train,suno,fake,151.704
fake_04919_udio_0,train,udio,fake,131.22
fake_00303_udio_1,train,udio,fake,131.22
fake_02325_suno_0,train,suno,fake,201.024
fake_00598_udio_0,train,udio,fake,131.22
fake_04482_udio_0,train,udio,fake,131.22
fake_02920_suno_1,train,suno,fake,206.424
fake_04777_suno_1,train,suno,fake,239.076
fake_04427_suno_0,train,suno,fake,200.484
fake_03773_udio_0,train,udio,fake,131.22
fake_05049_suno_0,train,suno,fake,204.084
fake_04958_udio_0,train,udio,fake,131.22
fake_00505_suno_0,train,suno,fake,238.68
fake_04944_suno_0,train,suno,fake,131.652
fake_03372_suno_0,train,suno,fake,194.076
fake_03233_udio_1,train,udio,fake,131.22
fake_02217_suno_0,train,suno,fake,130.716
fake_01036_udio_0,train,udio,fake,131.22
fake_03487_suno_0,train,suno,fake,180.072
fake_03306_udio_1,train,udio,fake,131.22
fake_03251_udio_1,train,udio,fake,131.22
fake_05449_udio_0,train,udio,fake,131.22
fake_05307_suno_1,train,suno,fake,219.024
fake_00402_udio_0,train,udio,fake,131.22
fake_05378_udio_0,train,udio,fake,131.22
fake_00411_suno_0,train,suno,fake,194.04
fake_00960_udio_0,train,udio,fake,131.22
fake_04821_udio_0,train,udio,fake,131.22
fake_05330_suno_0,train,suno,fake,170.604
fake_03487_suno_1,train,suno,fake,210.096
fake_02631_udio_0,train,udio,fake,131.22
fake_02614_suno_1,train,suno,fake,157.536
fake_01666_udio_0,train,udio,fake,131.22
fake_02773_udio_1,train,udio,fake,131.22
fake_03742_udio_1,train,udio,fake,131.22
fake_02826_udio_0,train,udio,fake,131.22
fake_00663_udio_0,train,udio,fake,131.22
fake_01771_udio_1,train,udio,fake,131.22
fake_05095_suno_1,train,suno,fake,214.092
fake_04692_suno_0,train,suno,fake,155.376
fake_02963_suno_0,train,suno,fake,239.076
fake_03518_udio_1,train,udio,fake,131.22
fake_00166_udio_1,train,udio,fake,131.22
fake_03176_udio_1,train,udio,fake,131.22
fake_01784_udio_0,train,udio,fake,131.22
fake_00940_suno_0,train,suno,fake,240.084
fake_00251_udio_1,train,udio,fake,131.22
fake_01662_udio_0,train,udio,fake,131.22
fake_03671_udio_0,train,udio,fake,131.22
fake_02670_suno_1,train,suno,fake,218.556
fake_00167_suno_1,train,suno,fake,200.088
fake_01350_udio_1,train,udio,fake,131.22
fake_02675_udio_1,train,udio,fake,131.22
fake_00157_udio_0,train,udio,fake,131.22
fake_00166_udio_0,train,udio,fake,131.22
fake_00475_suno_0,train,suno,fake,228.996
fake_05316_suno_0,train,suno,fake,239.076
fake_03696_udio_1,train,udio,fake,131.22
fake_03179_udio_0,train,udio,fake,131.22
fake_01546_udio_0,train,udio,fake,131.22
fake_05131_suno_0,train,suno,fake,239.076
fake_03112_suno_0,train,suno,fake,167.076
fake_05443_suno_0,train,suno,fake,184.104
fake_04924_suno_1,train,suno,fake,202.104
fake_03038_suno_1,train,suno,fake,240.084
fake_01083_suno_0,train,suno,fake,159.192
fake_05461_udio_1,train,udio,fake,131.22
fake_04521_suno_0,train,suno,fake,226.656
fake_04457_suno_0,train,suno,fake,239.076
fake_05365_udio_1,train,udio,fake,131.22
fake_01811_udio_0,train,udio,fake,131.22
fake_03058_suno_1,train,suno,fake,213.624
fake_03989_udio_1,train,udio,fake,131.22
fake_00268_udio_0,train,udio,fake,131.22
fake_02672_suno_1,train,suno,fake,240.084
fake_03439_udio_0,train,udio,fake,131.22
fake_00041_udio_0,train,udio,fake,131.22
fake_04465_suno_1,train,suno,fake,152.496
fake_01053_suno_1,train,suno,fake,239.112
fake_02217_suno_1,train,suno,fake,154.08
fake_00503_udio_0,train,udio,fake,131.22
fake_00938_suno_1,train,suno,fake,158.796
fake_00776_suno_1,train,suno,fake,192.096
fake_04275_udio_0,train,udio,fake,131.22
fake_04849_udio_0,train,udio,fake,131.22
fake_00864_udio_0,train,udio,fake,131.22
fake_04814_udio_0,train,udio,fake,131.22
fake_04364_udio_0,train,udio,fake,131.22
fake_02220_suno_0,train,suno,fake,114.156
fake_01913_udio_1,train,udio,fake,131.22
fake_04957_udio_0,train,udio,fake,131.22
fake_01234_suno_0,train,suno,fake,154.224
fake_02432_suno_1,train,suno,fake,173.88
fake_00789_suno_0,train,suno,fake,128.88
fake_01442_udio_1,train,udio,fake,131.22
fake_00331_udio_0,train,udio,fake,131.22
fake_04417_udio_1,train,udio,fake,131.22
fake_00775_udio_1,train,udio,fake,131.22
fake_00628_suno_0,train,suno,fake,123.768
fake_01972_suno_0,train,suno,fake,238.752
fake_04593_udio_0,train,udio,fake,131.22
fake_04348_udio_1,train,udio,fake,131.22
fake_03124_udio_0,train,udio,fake,131.22
fake_01729_suno_1,train,suno,fake,240.084
fake_03982_udio_1,train,udio,fake,131.22
fake_02891_suno_0,train,suno,fake,187.992
fake_02814_udio_0,train,udio,fake,131.22
fake_02957_suno_0,train,suno,fake,100.08
fake_04282_udio_0,train,udio,fake,131.22
fake_00721_udio_0,train,udio,fake,131.22
fake_03629_udio_0,train,udio,fake,131.22
fake_04778_suno_0,train,suno,fake,240.084
fake_04873_udio_1,train,udio,fake,131.22
fake_03778_suno_0,train,suno,fake,150.048
fake_05373_suno_0,train,suno,fake,175.356
fake_00049_suno_1,train,suno,fake,169.056
fake_00498_udio_1,train,udio,fake,131.22
fake_03498_suno_1,train,suno,fake,187.74
fake_03698_udio_1,train,udio,fake,131.22
fake_02407_suno_0,train,suno,fake,219.096
fake_00860_suno_1,train,suno,fake,239.076
fake_00417_suno_0,train,suno,fake,204.624
fake_05465_udio_0,train,udio,fake,131.22
fake_01783_suno_1,train,suno,fake,152.064
fake_05310_udio_0,train,udio,fake,131.22
fake_01503_suno_1,train,suno,fake,220.104
fake_02123_suno_0,train,suno,fake,238.968
fake_05204_suno_1,train,suno,fake,224.1
fake_04306_udio_0,train,udio,fake,131.22
fake_01400_suno_1,train,suno,fake,240.084
fake_03453_suno_0,train,suno,fake,148.932
fake_05258_suno_1,train,suno,fake,181.944
fake_04680_suno_1,train,suno,fake,239.112
fake_01830_udio_1,train,udio,fake,131.22
fake_03082_suno_1,train,suno,fake,138.744
fake_04300_suno_0,train,suno,fake,239.112
fake_01662_udio_1,train,udio,fake,131.22
fake_00318_suno_0,train,suno,fake,240.084
fake_01004_udio_0,train,udio,fake,131.22
fake_03905_udio_1,train,udio,fake,131.22
fake_00948_udio_0,train,udio,fake,131.22
fake_04302_udio_0,train,udio,fake,131.22
fake_04610_udio_1,train,udio,fake,131.22
fake_03461_udio_0,train,udio,fake,131.22
fake_00054_udio_1,train,udio,fake,131.22
fake_04237_suno_0,train,suno,fake,188.46
fake_03979_suno_0,train,suno,fake,240.084
fake_02959_suno_0,train,suno,fake,181.08
fake_03524_udio_0,train,udio,fake,131.22
fake_03764_suno_0,train,suno,fake,225.648
fake_04919_udio_1,train,udio,fake,131.22
fake_02418_suno_1,train,suno,fake,190.08
fake_03938_udio_0,train,udio,fake,131.22
fake_03635_suno_0,train,suno,fake,148.824
fake_00564_udio_1,train,udio,fake,131.22
fake_01154_suno_0,train,suno,fake,190.08
fake_02617_suno_1,train,suno,fake,173.556
fake_03725_udio_0,train,udio,fake,131.22
fake_02791_udio_0,train,udio,fake,131.22
fake_01910_suno_1,train,suno,fake,224.82
fake_04052_udio_0,train,udio,fake,131.22
fake_04129_udio_0,train,udio,fake,131.22
fake_00507_udio_0,train,udio,fake,131.22
fake_01203_suno_0,train,suno,fake,239.112
fake_01391_suno_1,train,suno,fake,239.112
fake_01006_udio_1,train,udio,fake,131.22
fake_02360_suno_0,train,suno,fake,144.036
fake_05158_udio_0,train,udio,fake,131.22
fake_03993_udio_1,train,udio,fake,131.22
fake_03563_udio_1,train,udio,fake,131.22
fake_04200_suno_1,train,suno,fake,147.96
fake_05059_suno_1,train,suno,fake,179.1
fake_04065_udio_0,train,udio,fake,131.22
fake_03961_udio_0,train,udio,fake,131.22
fake_05378_udio_1,train,udio,fake,131.22
fake_02967_udio_1,train,udio,fake,131.22
fake_01271_udio_1,train,udio,fake,131.22
fake_04374_udio_0,train,udio,fake,131.22
fake_00812_udio_1,train,udio,fake,131.22
fake_04169_suno_1,train,suno,fake,177.696
fake_04909_udio_1,train,udio,fake,131.22
fake_02632_udio_0,train,udio,fake,131.22
fake_04087_udio_1,train,udio,fake,131.22
fake_02690_suno_1,train,suno,fake,193.248
fake_00031_suno_0,train,suno,fake,239.184
fake_01008_udio_1,train,udio,fake,131.22
fake_02031_udio_0,train,udio,fake,131.22
fake_05109_udio_0,train,udio,fake,131.22
fake_03264_suno_1,train,suno,fake,181.404
fake_04776_suno_0,train,suno,fake,168.516
fake_02079_udio_0,train,udio,fake,131.22
fake_03670_udio_0,train,udio,fake,131.22
fake_01639_suno_1,train,suno,fake,207.504
fake_04483_udio_1,train,udio,fake,131.22
fake_01711_suno_0,train,suno,fake,165.528
fake_05232_udio_1,train,udio,fake,131.22
fake_00161_udio_0,train,udio,fake,131.22
fake_00393_udio_1,train,udio,fake,131.22
fake_05184_udio_0,train,udio,fake,131.22
fake_01703_udio_1,train,udio,fake,131.22
fake_02864_suno_0,train,suno,fake,150.876
fake_01231_udio_1,train,udio,fake,131.22
fake_00666_suno_0,train,suno,fake,240.084
fake_00023_udio_1,train,udio,fake,131.22
fake_01382_suno_0,train,suno,fake,144.864
fake_02763_udio_1,train,udio,fake,131.22
fake_04575_suno_1,train,suno,fake,207.072
fake_01045_udio_0,train,udio,fake,131.22
fake_02520_suno_1,train,suno,fake,239.076
fake_04570_suno_1,train,suno,fake,239.076
fake_04224_udio_0,train,udio,fake,131.22
fake_03252_suno_0,train,suno,fake,240.084
fake_00976_udio_0,train,udio,fake,131.22
fake_03639_suno_0,train,suno,fake,175.968
fake_04508_udio_1,train,udio,fake,131.22
fake_00375_udio_1,train,udio,fake,131.22
fake_00720_udio_0,train,udio,fake,131.22
fake_02703_udio_1,train,udio,fake,131.22
fake_03403_suno_1,train,suno,fake,185.904
fake_03893_suno_0,train,suno,fake,153.036
fake_03795_udio_1,train,udio,fake,131.22
fake_02809_udio_1,train,udio,fake,131.22
fake_01521_suno_0,train,suno,fake,192.024
fake_03164_suno_1,train,suno,fake,240.084
fake_04784_udio_0,train,udio,fake,131.22
fake_03139_suno_0,train,suno,fake,239.076
fake_02787_udio_0,train,udio,fake,131.22
fake_00961_udio_0,train,udio,fake,131.22
fake_01196_udio_1,train,udio,fake,131.22
fake_00396_suno_1,train,suno,fake,189.612
fake_03232_udio_0,train,udio,fake,131.22
fake_04068_suno_1,train,suno,fake,190.044
fake_04494_suno_0,train,suno,fake,239.184
fake_00135_udio_0,train,udio,fake,131.22
fake_00519_suno_0,train,suno,fake,189.504
fake_01383_udio_1,train,udio,fake,131.22
fake_04934_udio_1,train,udio,fake,131.22
fake_04092_udio_0,train,udio,fake,131.22
fake_04479_suno_0,train,suno,fake,200.088
fake_01562_udio_0,train,udio,fake,131.22
fake_03436_suno_1,train,suno,fake,239.112
fake_05055_udio_1,train,udio,fake,131.22
fake_05045_udio_0,train,udio,fake,131.22
fake_02875_udio_0,train,udio,fake,131.22
fake_04711_udio_0,train,udio,fake,131.22
fake_05462_udio_0,train,udio,fake,131.22
fake_04860_suno_0,train,suno,fake,239.076
fake_03720_suno_1,train,suno,fake,165.276
fake_04644_udio_0,train,udio,fake,131.22
fake_00186_udio_0,train,udio,fake,131.22
fake_02614_suno_0,train,suno,fake,159.516
fake_03679_udio_0,train,udio,fake,131.22
fake_00712_udio_1,train,udio,fake,131.22
fake_02003_udio_0,train,udio,fake,131.22
fake_01519_suno_1,train,suno,fake,239.076
fake_00806_udio_0,train,udio,fake,131.22
fake_00690_udio_0,train,udio,fake,131.22
fake_04538_suno_0,train,suno,fake,240.084
fake_02299_suno_0,train,suno,fake,163.656
fake_01353_suno_1,train,suno,fake,152.676
fake_04489_udio_1,train,udio,fake,131.22
fake_01480_udio_0,train,udio,fake,131.22
fake_01228_suno_0,train,suno,fake,240.084
fake_02118_suno_1,train,suno,fake,240.084
fake_02902_suno_1,train,suno,fake,161.1
fake_04593_udio_1,train,udio,fake,131.22
fake_01124_udio_1,train,udio,fake,131.22
fake_03099_suno_0,train,suno,fake,220.716
fake_04125_suno_1,train,suno,fake,239.076
fake_05443_suno_1,train,suno,fake,104.976
fake_02101_udio_0,train,udio,fake,131.22
fake_04236_udio_0,train,udio,fake,131.22
fake_04288_udio_0,train,udio,fake,131.22
fake_05169_suno_0,train,suno,fake,145.08
fake_03779_udio_0,train,udio,fake,131.22
fake_00208_udio_1,train,udio,fake,131.22
fake_02018_suno_1,train,suno,fake,145.8
fake_03966_suno_0,train,suno,fake,219.852
fake_02791_udio_1,train,udio,fake,131.22
fake_02967_udio_0,train,udio,fake,131.22
fake_04291_udio_0,train,udio,fake,131.22
fake_05351_suno_0,train,suno,fake,226.44
fake_00351_udio_0,valid,udio,fake,131.22
fake_00250_suno_1,valid,suno,fake,204.372
fake_03329_udio_1,valid,udio,fake,131.22
fake_03499_suno_0,valid,suno,fake,189.072
fake_04382_suno_0,valid,suno,fake,239.112
fake_05072_suno_1,valid,suno,fake,234.54
fake_04220_udio_1,valid,udio,fake,131.22
fake_01922_suno_1,valid,suno,fake,240.084
fake_03493_udio_1,valid,udio,fake,131.22
fake_03464_udio_1,valid,udio,fake,131.22
fake_02126_suno_0,valid,suno,fake,169.092
fake_03447_suno_1,valid,suno,fake,164.7
fake_04799_udio_0,valid,udio,fake,131.22
fake_03475_suno_1,valid,suno,fake,188.064
fake_04856_suno_1,valid,suno,fake,172.62
fake_04030_udio_0,valid,udio,fake,131.22
fake_05370_udio_0,valid,udio,fake,131.22
fake_04195_suno_0,valid,suno,fake,148.752
fake_02163_suno_0,valid,suno,fake,239.076
fake_00614_suno_0,valid,suno,fake,202.716
fake_04506_udio_1,valid,udio,fake,131.22
fake_01463_udio_0,valid,udio,fake,131.22
fake_03509_udio_1,valid,udio,fake,131.22
fake_02551_udio_0,valid,udio,fake,131.22
fake_01466_udio_0,valid,udio,fake,131.22
fake_05194_suno_1,valid,suno,fake,194.832
fake_01485_udio_0,valid,udio,fake,131.22
fake_01552_udio_0,valid,udio,fake,131.22
fake_04988_udio_0,valid,udio,fake,131.22
fake_00836_suno_0,valid,suno,fake,169.596
fake_03168_udio_1,valid,udio,fake,131.22
fake_04937_udio_0,valid,udio,fake,131.22
fake_05135_udio_0,valid,udio,fake,131.22
fake_02523_udio_1,valid,udio,fake,131.22
fake_02021_suno_0,valid,suno,fake,181.08
fake_03464_udio_0,valid,udio,fake,131.22
fake_01180_suno_1,valid,suno,fake,200.412
fake_05239_suno_0,valid,suno,fake,169.524
fake_04757_suno_0,valid,suno,fake,239.076
fake_02393_suno_1,valid,suno,fake,140.076
fake_01352_suno_0,valid,suno,fake,172.764
fake_03091_suno_1,valid,suno,fake,175.536
fake_00572_udio_0,valid,udio,fake,131.22
fake_00895_suno_1,valid,suno,fake,177.876
fake_01598_suno_1,valid,suno,fake,157.932
fake_00836_suno_1,valid,suno,fake,240.084
fake_01952_udio_1,valid,udio,fake,131.22
fake_00062_udio_0,valid,udio,fake,131.22
fake_03838_udio_1,valid,udio,fake,131.22
fake_05274_udio_0,valid,udio,fake,131.22
fake_00496_udio_1,valid,udio,fake,131.22
fake_02654_suno_1,valid,suno,fake,199.728
fake_04357_udio_1,valid,udio,fake,131.22
fake_01409_udio_1,valid,udio,fake,131.22
fake_04284_udio_1,valid,udio,fake,131.22
fake_01935_suno_1,valid,suno,fake,202.104
fake_04947_suno_0,valid,suno,fake,105.768
fake_05445_udio_0,valid,udio,fake,131.22
fake_02537_udio_0,valid,udio,fake,131.22
fake_04195_suno_1,valid,suno,fake,147.996
fake_03448_suno_0,valid,suno,fake,127.8
fake_00438_udio_1,valid,udio,fake,131.22
fake_03730_udio_1,valid,udio,fake,131.22
fake_02420_suno_0,valid,suno,fake,143.208
fake_01598_suno_0,valid,suno,fake,223.812
fake_02434_udio_1,valid,udio,fake,131.22
fake_00941_udio_1,valid,udio,fake,131.22
fake_04220_udio_0,valid,udio,fake,131.22
fake_00242_suno_1,valid,suno,fake,210.096
fake_03140_udio_1,valid,udio,fake,131.22
fake_03410_suno_0,valid,suno,fake,239.076
fake_00294_suno_1,valid,suno,fake,213.084
fake_04695_suno_1,valid,suno,fake,163.98
fake_01858_suno_1,valid,suno,fake,227.412
fake_05477_suno_0,valid,suno,fake,239.112
fake_04668_udio_0,valid,udio,fake,131.22
fake_02380_suno_0,valid,suno,fake,240.084
fake_02956_udio_1,valid,udio,fake,131.22
